series;airpassanger;;;;;;
10.125;2.342011895;;;;;Obserwacje;2922
9.375;2.263278718;;;;;lambda;0.01
10.625;2.391354787;;;;;mu;3.217596368
11.125;2.438450395;;;;;;
14.57142857;2.715272183;;;;;;
14.125;2.683315874;;;;;;
15.25;2.76203557;;;;;;
18.875;2.981418489;;;;;;
18.25;2.946747173;;;;;;
16.625;2.850786369;;;;;;
14;2.674188813;;;;;;
12.5;2.557895414;;;;;;
13.75;2.655690126;;;;;;
14;2.674188813;;;;;;
15.71428571;2.79285926;;;;;;
18.14285714;2.9406857;;;;;;
18.625;2.967688346;;;;;;
16.14285714;2.820521922;;;;;;
11.5;2.472416633;;;;;;
11;2.42687596;;;;;;
11;2.42687596;;;;;;
9.25;2.249552819;;;;;;
9.75;2.303394972;;;;;;
12.25;2.537178036;;;;;;
11.875;2.50530358;;;;;;
11.125;2.438450395;;;;;;
10;2.329299228;;;;;;
9.5;2.276824619;;;;;;
12.625;2.568100772;;;;;;
10.625;2.391354787;;;;;;
10.28571429;2.35813035;;;;;;
9.857142857;2.314576393;;;;;;
11.71428571;2.491336901;;;;;;
13.625;2.64631554;;;;;;
14.125;2.683315874;;;;;;
12;2.51603778;;;;;;
13.14285714;2.609340876;;;;;;
13.57142857;2.642271767;;;;;;
12.25;2.537178036;;;;;;
11.75;2.494456931;;;;;;
11.375;2.461217962;;;;;;
11.75;2.494456931;;;;;;
12.75;2.578206583;;;;;;
13.5;2.636855419;;;;;;
14.85714286;2.73521946;;;;;;
16;2.811382666;;;;;;
19.42857143;3.011191056;;;;;;
18.125;2.93967201;;;;;;
16.625;2.850786369;;;;;;
15.57142857;2.783472148;;;;;;
16.875;2.866138663;;;;;;
18.25;2.946747173;;;;;;
19.57142857;3.018737973;;;;;;
21.8;3.129892472;;;;;;
19.375;3.00834679;;;;;;
18.375;2.953774521;;;;;;
17.875;2.925375596;;;;;;
18.375;2.953774521;;;;;;
19.875;3.034595718;;;;;;
20.5;3.066502461;;;;;;
22;3.139311223;;;;;;
23;3.185168656;;;;;;
23.25;3.196324521;;;;;;
23;3.185168656;;;;;;
23.25;3.196324521;;;;;;
25.42857143;3.28879709;;;;;;
25;3.27124199;;;;;;
24.75;3.260863405;;;;;;
22.75;3.173892093;;;;;;
23;3.185168656;;;;;;
25;3.27124199;;;;;;
24.85714286;3.26532402;;;;;;
20.875;3.085187416;;;;;;
22.25;3.150966165;;;;;;
23.875;3.223702788;;;;;;
25;3.27124199;;;;;;
25.875;3.306774882;;;;;;
27.5;3.369716917;;;;;;
27.125;3.35552503;;;;;;
25.25;3.281518331;;;;;;
25.875;3.306774882;;;;;;
25.42857143;3.28879709;;;;;;
26.5;3.33143455;;;;;;
24.875;3.266065605;;;;;;
25.375;3.286618789;;;;;;
26.875;3.345955448;;;;;;
26.57142857;3.334216054;;;;;;
29;3.424630974;;;;;;
27.125;3.35552503;;;;;;
27.625;3.374405;;;;;;
28.875;3.420163477;;;;;;
24.875;3.266065605;;;;;;
27;3.350751204;;;;;;
22.75;3.173892093;;;;;;
21.625;3.121580624;;;;;;
22;3.139311223;;;;;;
22.375;3.156745107;;;;;;
25.25;3.281518331;;;;;;
27;3.350751204;;;;;;
28.5;3.406645192;;;;;;
29.375;3.437919972;;;;;;
28.66666667;3.412674927;;;;;;
29;3.424630974;;;;;;
28.71428571;3.414391335;;;;;;
31.57142857;3.512534485;;;;;;
30.2;3.466574125;;;;;;
29.75;3.451042069;;;;;;
27.5;3.369716917;;;;;;
28.28571429;3.398841175;;;;;;
29.25;3.43350906;;;;;;
29;3.424630974;;;;;;
31.125;3.49779411;;;;;;
31.625;3.514289446;;;;;;
31.5;3.510189946;;;;;;
31.125;3.49779411;;;;;;
31.25;3.501942407;;;;;;
33;3.558354105;;;;;;
31.75;3.518372936;;;;;;
31.25;3.501942407;;;;;;
31;3.493629287;;;;;;
30.71428571;3.484046919;;;;;;
33.85714286;3.584912389;;;;;;
32.42857143;3.540266429;;;;;;
34.125;3.593075473;;;;;;
35.57142857;3.636088469;;;;;;
31.375;3.506074309;;;;;;
31;3.493629287;;;;;;
30.125;3.464001427;;;;;;
31.85714286;3.521860422;;;;;;
31.125;3.49779411;;;;;;
31.42857143;3.507840138;;;;;;
30.5;3.476802052;;;;;;
32.5;3.542544569;;;;;;
31.75;3.518372936;;;;;;
27.75;3.37907213;;;;;;
31.125;3.49779411;;;;;;
34;3.589273957;;;;;;
33.125;3.562269433;;;;;;
31.75;3.518372936;;;;;;
26.125;3.31670878;;;;;;
24.75;3.260863405;;;;;;
22.71428571;3.172271148;;;;;;
23.14285714;3.191558049;;;;;;
27.75;3.37907213;;;;;;
28.25;3.397534817;;;;;;
29.5;3.44231234;;;;;;
27;3.350751204;;;;;;
30.125;3.464001427;;;;;;
31.125;3.49779411;;;;;;
30.875;3.489447805;;;;;;
31;3.493629287;;;;;;
30.25;3.468285746;;;;;;
30;3.459699473;;;;;;
32;3.526492384;;;;;;
29.75;3.451042069;;;;;;
31.875;3.522440541;;;;;;
31;3.493629287;;;;;;
32.5;3.542544569;;;;;;
28.75;3.415676792;;;;;;
30.625;3.481034325;;;;;;
30.375;3.472552573;;;;;;
31.875;3.522440541;;;;;;
32.125;3.530528588;;;;;;
31.75;3.518372936;;;;;;
28.25;3.397534817;;;;;;
30.625;3.481034325;;;;;;
27.5;3.369716917;;;;;;
27;3.350751204;;;;;;
29.125;3.429079448;;;;;;
30.125;3.464001427;;;;;;
30.125;3.464001427;;;;;;
28.875;3.420163477;;;;;;
30.25;3.468285746;;;;;;
30.625;3.481034325;;;;;;
32.25;3.534549275;;;;;;
29.75;3.451042069;;;;;;
30.75;3.48524953;;;;;;
32.71428571;3.549349365;;;;;;
28.5;3.406645192;;;;;;
28.625;3.411170754;;;;;;
30;3.459699473;;;;;;
30;3.459699473;;;;;;
31.625;3.514289446;;;;;;
32.25;3.534549275;;;;;;
32.875;3.554424066;;;;;;
33.375;3.5700564;;;;;;
31;3.493629287;;;;;;
28.16666667;3.39448028;;;;;;
27.875;3.383718492;;;;;;
29;3.424630974;;;;;;
29;3.424630974;;;;;;
31;3.493629287;;;;;;
31.625;3.514289446;;;;;;
28.625;3.411170754;;;;;;
28.25;3.397534817;;;;;;
28.375;3.402099938;;;;;;
30.375;3.472552573;;;;;;
31.75;3.518372936;;;;;;
31.25;3.501942407;;;;;;
32.25;3.534549275;;;;;;
32.375;3.538554562;;;;;;
29.28571429;3.434771222;;;;;;
30;3.459699473;;;;;;
31.375;3.506074309;;;;;;
33.125;3.562269433;;;;;;
31.75;3.518372936;;;;;;
31;3.493629287;;;;;;
29;3.424630974;;;;;;
29.14285714;3.429713401;;;;;;
31.375;3.506074309;;;;;;
32.875;3.554424066;;;;;;
32.28571429;3.535695209;;;;;;
29;3.424630974;;;;;;
30.5;3.476802052;;;;;;
31.25;3.501942407;;;;;;
30.25;3.468285746;;;;;;
28;3.388344273;;;;;;
28;3.388344273;;;;;;
28.75;3.415676792;;;;;;
28.125;3.392949655;;;;;;
25.75;3.301772244;;;;;;
29.5;3.44231234;;;;;;
30.25;3.468285746;;;;;;
31.375;3.506074309;;;;;;
28.625;3.411170754;;;;;;
27.75;3.37907213;;;;;;
27.75;3.37907213;;;;;;
27.75;3.37907213;;;;;;
29.25;3.43350906;;;;;;
27.625;3.374405;;;;;;
30.5;3.476802052;;;;;;
30;3.459699473;;;;;;
30.5;3.476802052;;;;;;
28.125;3.392949655;;;;;;
28.25;3.397534817;;;;;;
29.875;3.455379736;;;;;;
31;3.493629287;;;;;;
31.625;3.514289446;;;;;;
31.25;3.501942407;;;;;;
32.375;3.538554562;;;;;;
32.625;3.546519412;;;;;;
31.875;3.522440541;;;;;;
29.28571429;3.434771222;;;;;;
29.625;3.446686321;;;;;;
30.375;3.472552573;;;;;;
30.75;3.48524953;;;;;;
31.5;3.510189946;;;;;;
32.125;3.530528588;;;;;;
30.375;3.472552573;;;;;;
28.375;3.402099938;;;;;;
27.875;3.383718492;;;;;;
29;3.424630974;;;;;;
29.5;3.44231234;;;;;;
29.25;3.43350906;;;;;;
27.625;3.374405;;;;;;
29.75;3.451042069;;;;;;
30.375;3.472552573;;;;;;
30.625;3.481034325;;;;;;
28.875;3.420163477;;;;;;
29.875;3.455379736;;;;;;
27.25;3.360277126;;;;;;
25.28571429;3.282978151;;;;;;
24.5;3.25038051;;;;;;
23.875;3.223702788;;;;;;
24;3.229093212;;;;;;
26.625;3.336297329;;;;;;
26.375;3.326549009;;;;;;
27;3.350751204;;;;;;
28.375;3.402099938;;;;;;
28;3.388344273;;;;;;
29;3.424630974;;;;;;
29;3.424630974;;;;;;
29.5;3.44231234;;;;;;
29.75;3.451042069;;;;;;
29.625;3.446686321;;;;;;
29.625;3.446686321;;;;;;
30.25;3.468285746;;;;;;
30.5;3.476802052;;;;;;
30.25;3.468285746;;;;;;
29.625;3.446686321;;;;;;
29.625;3.446686321;;;;;;
29.125;3.429079448;;;;;;
28.125;3.392949655;;;;;;
28;3.388344273;;;;;;
26.875;3.345955448;;;;;;
27.625;3.374405;;;;;;
27.5;3.369716917;;;;;;
28.75;3.415676792;;;;;;
26.5;3.33143455;;;;;;
24.75;3.260863405;;;;;;
24.875;3.266065605;;;;;;
23.875;3.223702788;;;;;;
23.625;3.212837606;;;;;;
23.875;3.223702788;;;;;;
24.375;3.245099284;;;;;;
24.75;3.260863405;;;;;;
25;3.27124199;;;;;;
24.375;3.245099284;;;;;;
24.125;3.234455914;;;;;;
23.75;3.21828435;;;;;;
23.375;3.201857998;;;;;;
24.14285714;3.235219768;;;;;;
24.125;3.234455914;;;;;;
24.5;3.25038051;;;;;;
24.25;3.239791178;;;;;;
23.375;3.201857998;;;;;;
22.875;3.179545626;;;;;;
23.125;3.190761513;;;;;;
22.57142857;3.16576204;;;;;;
21.125;3.097460338;;;;;;
20.75;3.078996281;;;;;;
20.5;3.066502461;;;;;;
20.375;3.060198873;;;;;;
20.75;3.078996281;;;;;;
20.5;3.066502461;;;;;;
21.25;3.103542981;;;;;;
20.875;3.085187416;;;;;;
20;3.041055791;;;;;;
20;3.041055791;;;;;;
19.625;3.021554016;;;;;;
19.625;3.021554016;;;;;;
19.625;3.021554016;;;;;;
19.75;3.028095296;;;;;;
20.25;3.053856882;;;;;;
18.75;2.974576072;;;;;;
17.75;2.918152987;;;;;;
16.625;2.850786369;;;;;;
17.125;2.881267422;;;;;;
18.33333333;2.951437344;;;;;;
17.25;2.888750001;;;;;;
17.85714286;2.924346862;;;;;;
17.625;2.910879846;;;;;;
15.71428571;2.79285926;;;;;;
15.71428571;2.79285926;;;;;;
17.125;2.881267422;;;;;;
16.5;2.843024301;;;;;;
17.28571429;2.890878022;;;;;;
17;2.873730575;;;;;;
17.875;2.925375596;;;;;;
17;2.873730575;;;;;;
17.875;2.925375596;;;;;;
18.125;2.93967201;;;;;;
18.625;2.967688346;;;;;;
19;2.988216192;;;;;;
19.375;3.00834679;;;;;;
17.375;2.896179092;;;;;;
15.25;2.76203557;;;;;;
13.875;2.664980717;;;;;;
14;2.674188813;;;;;;
16.25;2.82732397;;;;;;
16.875;2.866138663;;;;;;
16.57142857;2.847466868;;;;;;
20.5;3.066502461;;;;;;
20;3.041055791;;;;;;
16.71428571;2.856295409;;;;;;
17.5;2.903555458;;;;;;
15;2.745051127;;;;;;
14.5;2.710224864;;;;;;
14.375;2.701332533;;;;;;
13.75;2.655690126;;;;;;
13.625;2.64631554;;;;;;
12.85714286;2.586790943;;;;;;
15.625;2.787002268;;;;;;
13;2.598127241;;;;;;
13.5;2.636855419;;;;;;
11.375;2.461217962;;;;;;
11;2.42687596;;;;;;
10.71428571;2.39992351;;;;;;
10.83333333;2.411239159;;;;;;
12.5;2.557895414;;;;;;
13.875;2.664980717;;;;;;
13.375;2.62730818;;;;;;
12.375;2.547588519;;;;;;
11.5;2.472416633;;;;;;
13.5;2.636855419;;;;;;
14.875;2.736453524;;;;;;
13.125;2.607945789;;;;;;
12.875;2.588214781;;;;;;
12.71428571;2.575329253;;;;;;
14.5;2.710224864;;;;;;
14.875;2.736453524;;;;;;
17;2.873730575;;;;;;
17.125;2.881267422;;;;;;
18;2.932548375;;;;;;
16;2.811382666;;;;;;
14.875;2.736453524;;;;;;
15;2.745051127;;;;;;
16.125;2.819383903;;;;;;
17.75;2.918152987;;;;;;
17.625;2.910879846;;;;;;
17.75;2.918152987;;;;;;
17.875;2.925375596;;;;;;
16.75;2.858490872;;;;;;
15.14285714;2.754790529;;;;;;
14.875;2.736453524;;;;;;
16.625;2.850786369;;;;;;
15.75;2.795192837;;;;;;
15.875;2.803319303;;;;;;
14.42857143;2.705152869;;;;;;
16.375;2.835203799;;;;;;
18.25;2.946747173;;;;;;
19.125;2.994969763;;;;;;
20.125;3.047476015;;;;;;
16.75;2.858490872;;;;;;
15;2.745051127;;;;;;
17;2.873730575;;;;;;
17.42857143;2.899346804;;;;;;
15;2.745051127;;;;;;
16.125;2.819383903;;;;;;
17.875;2.925375596;;;;;;
20.5;3.066502461;;;;;;
16.875;2.866138663;;;;;;
15.5;2.778746571;;;;;;
15.875;2.803319303;;;;;;
18;2.932548375;;;;;;
18.375;2.953774521;;;;;;
20.625;3.072768112;;;;;;
21;3.091341958;;;;;;
20.75;3.078996281;;;;;;
21.375;3.109590304;;;;;;
20.25;3.053856882;;;;;;
21.25;3.103542981;;;;;;
20.75;3.078996281;;;;;;
20.75;3.078996281;;;;;;
20.375;3.060198873;;;;;;
20.875;3.085187416;;;;;;
21.75;3.127524418;;;;;;
24.375;3.245099284;;;;;;
24.75;3.260863405;;;;;;
21.85714286;3.132592245;;;;;;
22.25;3.150966165;;;;;;
23.625;3.212837606;;;;;;
21.625;3.121580624;;;;;;
21.125;3.097460338;;;;;;
23.14285714;3.191558049;;;;;;
21.875;3.133434491;;;;;;
22.125;3.145154991;;;;;;
23.5;3.207362257;;;;;;
23.75;3.21828435;;;;;;
23.25;3.196324521;;;;;;
23.125;3.190761513;;;;;;
23.5;3.207362257;;;;;;
24.875;3.266065605;;;;;;
25;3.27124199;;;;;;
24.57142857;3.25338639;;;;;;
24.625;3.255635128;;;;;;
24.25;3.239791178;;;;;;
25.625;3.296745506;;;;;;
26.625;3.336297329;;;;;;
23.875;3.223702788;;;;;;
22.14285714;3.145987146;;;;;;
21.875;3.133434491;;;;;;
23.25;3.196324521;;;;;;
23.5;3.207362257;;;;;;
24.5;3.25038051;;;;;;
25.5;3.291694434;;;;;;
26.5;3.33143455;;;;;;
27.25;3.360277126;;;;;;
28.5;3.406645192;;;;;;
26.71428571;3.339756925;;;;;;
27;3.350751204;;;;;;
28.85714286;3.419523701;;;;;;
28.125;3.392949655;;;;;;
23.75;3.21828435;;;;;;
23.28571429;3.197908514;;;;;;
24.5;3.25038051;;;;;;
27.25;3.360277126;;;;;;
28.125;3.392949655;;;;;;
28.875;3.420163477;;;;;;
30.875;3.489447805;;;;;;
30.75;3.48524953;;;;;;
30.75;3.48524953;;;;;;
29.5;3.44231234;;;;;;
31.375;3.506074309;;;;;;
33.875;3.58545858;;;;;;
33;3.558354105;;;;;;
33.25;3.566170162;;;;;;
31.375;3.506074309;;;;;;
30.5;3.476802052;;;;;;
29.5;3.44231234;;;;;;
28.875;3.420163477;;;;;;
29.57142857;3.444813999;;;;;;
33.375;3.5700564;;;;;;
34.5;3.604397852;;;;;;
33.625;3.577785832;;;;;;
33.5;3.573928254;;;;;;
34.375;3.60063732;;;;;;
33.875;3.58545858;;;;;;
32.125;3.530528588;;;;;;
32.42857143;3.540266429;;;;;;
30;3.459699473;;;;;;
31.625;3.514289446;;;;;;
31.125;3.49779411;;;;;;
32.375;3.538554562;;;;;;
32.75;3.550479206;;;;;;
30;3.459699473;;;;;;
30.125;3.464001427;;;;;;
30.125;3.464001427;;;;;;
32.125;3.530528588;;;;;;
33.25;3.566170162;;;;;;
33.5;3.573928254;;;;;;
33.75;3.58162924;;;;;;
35.375;3.630349892;;;;;;
35.375;3.630349892;;;;;;
34;3.589273957;;;;;;
33.125;3.562269433;;;;;;
35.375;3.630349892;;;;;;
32.875;3.554424066;;;;;;
32.125;3.530528588;;;;;;
31.25;3.501942407;;;;;;
30.625;3.481034325;;;;;;
31.875;3.522440541;;;;;;
34.625;3.608144918;;;;;;
34.71428571;3.610813204;;;;;;
31.375;3.506074309;;;;;;
29.375;3.437919972;;;;;;
29;3.424630974;;;;;;
30.375;3.472552573;;;;;;
35;3.619306289;;;;;;
36;3.648500868;;;;;;
36.875;3.673394916;;;;;;
35.875;3.644895762;;;;;;
35.125;3.623000452;;;;;;
33.125;3.562269433;;;;;;
33;3.558354105;;;;;;
33.25;3.566170162;;;;;;
33.125;3.562269433;;;;;;
32.875;3.554424066;;;;;;
34.625;3.608144918;;;;;;
34.375;3.60063732;;;;;;
33.375;3.5700564;;;;;;
32.625;3.546519412;;;;;;
30.25;3.468285746;;;;;;
34.5;3.604397852;;;;;;
32.6;3.545725651;;;;;;
35.28571429;3.627731012;;;;;;
35.5;3.634005352;;;;;;
35.875;3.644895762;;;;;;
36.375;3.659242298;;;;;;
38;3.704555885;;;;;;
36.875;3.673394916;;;;;;
36.75;3.669874654;;;;;;
38.4;3.715415668;;;;;;
38.5;3.718113115;;;;;;
34.875;3.615599041;;;;;;
33.25;3.566170162;;;;;;
30.375;3.472552573;;;;;;
30.28571429;3.469506618;;;;;;
29;3.424630974;;;;;;
31;3.493629287;;;;;;
32.25;3.534549275;;;;;;
33.25;3.566170162;;;;;;
33.875;3.58545858;;;;;;
35.125;3.623000452;;;;;;
35.375;3.630349892;;;;;;
32.75;3.550479206;;;;;;
31;3.493629287;;;;;;
33.42857143;3.571717521;;;;;;
33.375;3.5700564;;;;;;
30.875;3.489447805;;;;;;
31.5;3.510189946;;;;;;
29.25;3.43350906;;;;;;
33.5;3.573928254;;;;;;
33.75;3.58162924;;;;;;
33;3.558354105;;;;;;
33.71428571;3.580532563;;;;;;
33.125;3.562269433;;;;;;
32;3.526492384;;;;;;
32.25;3.534549275;;;;;;
29.28571429;3.434771222;;;;;;
30.5;3.476802052;;;;;;
31.75;3.518372936;;;;;;
33.5;3.573928254;;;;;;
29.25;3.43350906;;;;;;
29.42857143;3.439804677;;;;;;
30;3.459699473;;;;;;
32.25;3.534549275;;;;;;
32.875;3.554424066;;;;;;
32.42857143;3.540266429;;;;;;
32.625;3.546519412;;;;;;
33.375;3.5700564;;;;;;
33.75;3.58162924;;;;;;
32.5;3.542544569;;;;;;
33.125;3.562269433;;;;;;
33.5;3.573928254;;;;;;
33;3.558354105;;;;;;
33.875;3.58545858;;;;;;
33.375;3.5700564;;;;;;
28.75;3.415676792;;;;;;
32.25;3.534549275;;;;;;
32.125;3.530528588;;;;;;
29.375;3.437919972;;;;;;
27;3.350751204;;;;;;
27.42857143;3.367028531;;;;;;
28.25;3.397534817;;;;;;
31.125;3.49779411;;;;;;
30.875;3.489447805;;;;;;
30.875;3.489447805;;;;;;
27.75;3.37907213;;;;;;
30.25;3.468285746;;;;;;
31.5;3.510189946;;;;;;
32.125;3.530528588;;;;;;
28.75;3.415676792;;;;;;
28.125;3.392949655;;;;;;
28.28571429;3.398841175;;;;;;
30.625;3.481034325;;;;;;
31.25;3.501942407;;;;;;
28.75;3.415676792;;;;;;
30.75;3.48524953;;;;;;
30.375;3.472552573;;;;;;
29.71428571;3.449799421;;;;;;
28.625;3.411170754;;;;;;
28.14285714;3.393605912;;;;;;
28.28571429;3.398841175;;;;;;
28.5;3.406645192;;;;;;
28.75;3.415676792;;;;;;
28.25;3.397534817;;;;;;
27.375;3.36500769;;;;;;
24.875;3.266065605;;;;;;
24.125;3.234455914;;;;;;
24.125;3.234455914;;;;;;
27.57142857;3.372398399;;;;;;
28.625;3.411170754;;;;;;
27;3.350751204;;;;;;
29.85714286;3.454761171;;;;;;
29.375;3.437919972;;;;;;
26.8;3.343067384;;;;;;
29.75;3.451042069;;;;;;
30.625;3.481034325;;;;;;
31.14285714;3.498387733;;;;;;
31.25;3.501942407;;;;;;
31.125;3.49779411;;;;;;
30.375;3.472552573;;;;;;
30.375;3.472552573;;;;;;
30.125;3.464001427;;;;;;
30.42857143;3.474375894;;;;;;
29.75;3.451042069;;;;;;
30.71428571;3.484046919;;;;;;
30.75;3.48524953;;;;;;
31.625;3.514289446;;;;;;
31.5;3.510189946;;;;;;
30.375;3.472552573;;;;;;
25.42857143;3.28879709;;;;;;
25;3.27124199;;;;;;
25.75;3.301772244;;;;;;
26.25;3.321640492;;;;;;
26.75;3.341137559;;;;;;
27;3.350751204;;;;;;
27.875;3.383718492;;;;;;
27;3.350751204;;;;;;
26;3.311753651;;;;;;
25.625;3.296745506;;;;;;
26.5;3.33143455;;;;;;
26.75;3.341137559;;;;;;
25.25;3.281518331;;;;;;
24.625;3.255635128;;;;;;
23.625;3.212837606;;;;;;
24.25;3.239791178;;;;;;
23.5;3.207362257;;;;;;
23.75;3.21828435;;;;;;
23.25;3.196324521;;;;;;
22.625;3.168207723;;;;;;
21.875;3.133434491;;;;;;
21.25;3.103542981;;;;;;
21.42857143;3.112171304;;;;;;
21.625;3.121580624;;;;;;
21;3.091341958;;;;;;
23.125;3.190761513;;;;;;
23.625;3.212837606;;;;;;
22.625;3.168207723;;;;;;
22.375;3.156745107;;;;;;
22.5;3.162492176;;;;;;
21.375;3.109590304;;;;;;
22.28571429;3.152620564;;;;;;
22;3.139311223;;;;;;
21.625;3.121580624;;;;;;
21.5;3.115602718;;;;;;
22.75;3.173892093;;;;;;
23.75;3.21828435;;;;;;
22.125;3.145154991;;;;;;
19.375;3.00834679;;;;;;
18.875;2.981418489;;;;;;
20;3.041055791;;;;;;
21.85714286;3.132592245;;;;;;
22.57142857;3.16576204;;;;;;
21.125;3.097460338;;;;;;
19.25;3.001679775;;;;;;
17.75;2.918152987;;;;;;
17.5;2.903555458;;;;;;
16;2.811382666;;;;;;
15.75;2.795192837;;;;;;
16.25;2.82732397;;;;;;
16.5;2.843024301;;;;;;
16.625;2.850786369;;;;;;
17.375;2.896179092;;;;;;
17.625;2.910879846;;;;;;
16.375;2.835203799;;;;;;
15.375;2.770424697;;;;;;
14.28571429;2.694933875;;;;;;
16.25;2.82732397;;;;;;
16;2.811382666;;;;;;
17;2.873730575;;;;;;
16.375;2.835203799;;;;;;
16.42857143;2.838562655;;;;;;
18;2.932548375;;;;;;
18.5;2.960754702;;;;;;
16.5;2.843024301;;;;;;
15.42857143;2.773999386;;;;;;
14.625;2.719041625;;;;;;
16.5;2.843024301;;;;;;
17.375;2.896179092;;;;;;
16.5;2.843024301;;;;;;
16.625;2.850786369;;;;;;
16.75;2.858490872;;;;;;
15.85714286;2.802162265;;;;;;
16.375;2.835203799;;;;;;
15.625;2.787002268;;;;;;
13.57142857;2.642271767;;;;;;
13.625;2.64631554;;;;;;
13;2.598127241;;;;;;
14.14285714;2.684613208;;;;;;
14;2.674188813;;;;;;
14;2.674188813;;;;;;
13.375;2.62730818;;;;;;
13.66666667;2.649449829;;;;;;
12.625;2.568100772;;;;;;
12.375;2.547588519;;;;;;
12.42857143;2.552018323;;;;;;
12.25;2.537178036;;;;;;
11.875;2.50530358;;;;;;
12.375;2.547588519;;;;;;
13.625;2.64631554;;;;;;
11.125;2.438450395;;;;;;
12;2.51603778;;;;;;
11.25;2.449896791;;;;;;
12.125;2.526661849;;;;;;
11.375;2.461217962;;;;;;
12.125;2.526661849;;;;;;
10.875;2.415170573;;;;;;
12;2.51603778;;;;;;
9.5;2.276824619;;;;;;
9.25;2.249552819;;;;;;
10.625;2.391354787;;;;;;
11.625;2.483495439;;;;;;
11.875;2.50530358;;;;;;
11.875;2.50530358;;;;;;
12.71428571;2.575329253;;;;;;
11.125;2.438450395;;;;;;
12;2.51603778;;;;;;
12.5;2.557895414;;;;;;
11.5;2.472416633;;;;;;
11.75;2.494456931;;;;;;
11.75;2.494456931;;;;;;
13.875;2.664980717;;;;;;
15.75;2.795192837;;;;;;
16.25;2.82732397;;;;;;
15;2.745051127;;;;;;
16.25;2.82732397;;;;;;
17.875;2.925375596;;;;;;
18.125;2.93967201;;;;;;
16.375;2.835203799;;;;;;
15.14285714;2.754790529;;;;;;
15.125;2.75357809;;;;;;
15.125;2.75357809;;;;;;
15.28571429;2.76443939;;;;;;
16.75;2.858490872;;;;;;
17.75;2.918152987;;;;;;
18.875;2.981418489;;;;;;
20.75;3.078996281;;;;;;
19.5;3.014971357;;;;;;
16.5;2.843024301;;;;;;
17.25;2.888750001;;;;;;
16.375;2.835203799;;;;;;
16.875;2.866138663;;;;;;
17.625;2.910879846;;;;;;
15.875;2.803319303;;;;;;
15.75;2.795192837;;;;;;
17.25;2.888750001;;;;;;
14.875;2.736453524;;;;;;
14.5;2.710224864;;;;;;
16.125;2.819383903;;;;;;
17.25;2.888750001;;;;;;
19.42857143;3.011191056;;;;;;
19.71428571;3.026230551;;;;;;
21.25;3.103542981;;;;;;
21.375;3.109590304;;;;;;
20.375;3.060198873;;;;;;
21.625;3.121580624;;;;;;
23.25;3.196324521;;;;;;
23.5;3.207362257;;;;;;
24.625;3.255635128;;;;;;
24.125;3.234455914;;;;;;
24.375;3.245099284;;;;;;
25;3.27124199;;;;;;
21.71428571;3.125829649;;;;;;
23.375;3.201857998;;;;;;
21.85714286;3.132592245;;;;;;
20.375;3.060198873;;;;;;
21.25;3.103542981;;;;;;
21.5;3.115602718;;;;;;
21.875;3.133434491;;;;;;
23;3.185168656;;;;;;
24;3.229093212;;;;;;
24.5;3.25038051;;;;;;
23.42857143;3.204220525;;;;;;
26.28571429;3.323045283;;;;;;
25.66666667;3.298423777;;;;;;
26.25;3.321640492;;;;;;
26.125;3.31670878;;;;;;
27.5;3.369716917;;;;;;
28.875;3.420163477;;;;;;
29.25;3.43350906;;;;;;
29.375;3.437919972;;;;;;
29.875;3.455379736;;;;;;
28.625;3.411170754;;;;;;
30.42857143;3.474375894;;;;;;
30;3.459699473;;;;;;
29.125;3.429079448;;;;;;
29.5;3.44231234;;;;;;
31.625;3.514289446;;;;;;
30.25;3.468285746;;;;;;
29;3.424630974;;;;;;
30.75;3.48524953;;;;;;
30.5;3.476802052;;;;;;
30.125;3.464001427;;;;;;
31.375;3.506074309;;;;;;
29.75;3.451042069;;;;;;
30;3.459699473;;;;;;
31.28571429;3.503124618;;;;;;
31.25;3.501942407;;;;;;
31.875;3.522440541;;;;;;
32.25;3.534549275;;;;;;
34.25;3.596863227;;;;;;
32.875;3.554424066;;;;;;
32.75;3.550479206;;;;;;
33;3.558354105;;;;;;
33.875;3.58545858;;;;;;
35.5;3.634005352;;;;;;
36.25;3.655674052;;;;;;
36.25;3.655674052;;;;;;
33.16666667;3.563571293;;;;;;
35.625;3.637648091;;;;;;
34.42857143;3.602250632;;;;;;
32.625;3.546519412;;;;;;
32.375;3.538554562;;;;;;
32.125;3.530528588;;;;;;
33.125;3.562269433;;;;;;
34.75;3.611878616;;;;;;
33.875;3.58545858;;;;;;
33.125;3.562269433;;;;;;
34.125;3.593075473;;;;;;
31.57142857;3.512534485;;;;;;
30.75;3.48524953;;;;;;
32.25;3.534549275;;;;;;
33.75;3.58162924;;;;;;
35.25;3.626681622;;;;;;
32.16666667;3.531870536;;;;;;
29.14285714;3.429713401;;;;;;
31.125;3.49779411;;;;;;
33.25;3.566170162;;;;;;
33.625;3.577785832;;;;;;
34.625;3.608144918;;;;;;
33.625;3.577785832;;;;;;
36.875;3.673394916;;;;;;
35.33333333;3.629128563;;;;;;
36;3.648500868;;;;;;
35.5;3.634005352;;;;;;
37.85714286;3.700649944;;;;;;
38.25;3.711356431;;;;;;
35.75;3.641278199;;;;;;
35.5;3.634005352;;;;;;
34.375;3.60063732;;;;;;
34.71428571;3.610813204;;;;;;
36.5;3.662798426;;;;;;
36.875;3.673394916;;;;;;
36.25;3.655674052;;;;;;
38.14285714;3.708447315;;;;;;
37.42857143;3.688843963;;;;;;
33.5;3.573928254;;;;;;
31.75;3.518372936;;;;;;
33;3.558354105;;;;;;
35;3.619306289;;;;;;
37.42857143;3.688843963;;;;;;
38.5;3.718113115;;;;;;
34.875;3.615599041;;;;;;
34.625;3.608144918;;;;;;
30.375;3.472552573;;;;;;
32.25;3.534549275;;;;;;
29;3.424630974;;;;;;
24.75;3.260863405;;;;;;
31;3.493629287;;;;;;
33;3.558354105;;;;;;
34.75;3.611878616;;;;;;
35.625;3.637648091;;;;;;
33.5;3.573928254;;;;;;
33.42857143;3.571717521;;;;;;
34.625;3.608144918;;;;;;
33.875;3.58545858;;;;;;
34.875;3.615599041;;;;;;
35.25;3.626681622;;;;;;
35.875;3.644895762;;;;;;
38;3.704555885;;;;;;
37.625;3.694271561;;;;;;
38.57142857;3.720035619;;;;;;
38.71428571;3.723870077;;;;;;
33.375;3.5700564;;;;;;
31.75;3.518372936;;;;;;
35.25;3.626681622;;;;;;
35.25;3.626681622;;;;;;
33.75;3.58162924;;;;;;
34.625;3.608144918;;;;;;
36;3.648500868;;;;;;
32.625;3.546519412;;;;;;
34.375;3.60063732;;;;;;
34.5;3.604397852;;;;;;
28.875;3.420163477;;;;;;
27.5;3.369716917;;;;;;
28.8;3.417473779;;;;;;
29.875;3.455379736;;;;;;
31.71428571;3.517207851;;;;;;
33.75;3.58162924;;;;;;
34.5;3.604397852;;;;;;
33.28571429;3.567281989;;;;;;
30.42857143;3.474375894;;;;;;
30.5;3.476802052;;;;;;
33.2;3.564611615;;;;;;
32.85714286;3.553861425;;;;;;
32.85714286;3.553861425;;;;;;
32;3.526492384;;;;;;
32.71428571;3.549349365;;;;;;
30.5;3.476802052;;;;;;
27.71428571;3.377740791;;;;;;
30;3.459699473;;;;;;
30.28571429;3.469506618;;;;;;
31.375;3.506074309;;;;;;
32;3.526492384;;;;;;
31;3.493629287;;;;;;
32.85714286;3.553861425;;;;;;
27.875;3.383718492;;;;;;
30.28571429;3.469506618;;;;;;
30.375;3.472552573;;;;;;
29.33333333;3.436451736;;;;;;
26.28571429;3.323045283;;;;;;
28.16666667;3.39448028;;;;;;
28.83333333;3.418670056;;;;;;
29.71428571;3.449799421;;;;;;
30.16666667;3.465431486;;;;;;
29.14285714;3.429713401;;;;;;
31.875;3.522440541;;;;;;
31.875;3.522440541;;;;;;
32.85714286;3.553861425;;;;;;
32.85714286;3.553861425;;;;;;
30.66666667;3.482441283;;;;;;
28;3.388344273;;;;;;
29.28571429;3.434771222;;;;;;
30.25;3.468285746;;;;;;
28;3.388344273;;;;;;
29.42857143;3.439804677;;;;;;
29.125;3.429079448;;;;;;
30.33333333;3.471132232;;;;;;
29.25;3.43350906;;;;;;
27.33333333;3.363433215;;;;;;
27.6;3.373469066;;;;;;
27.57142857;3.372398399;;;;;;
27.125;3.35552503;;;;;;
28.5;3.406645192;;;;;;
28;3.388344273;;;;;;
28;3.388344273;;;;;;
29.375;3.437919972;;;;;;
30.33333333;3.471132232;;;;;;
30.5;3.476802052;;;;;;
31.4;3.506898734;;;;;;
31.375;3.506074309;;;;;;
30.5;3.476802052;;;;;;
29.5;3.44231234;;;;;;
29.375;3.437919972;;;;;;
28.375;3.402099938;;;;;;
28.125;3.392949655;;;;;;
26.71428571;3.339756925;;;;;;
28.625;3.411170754;;;;;;
28.875;3.420163477;;;;;;
28;3.388344273;;;;;;
28.75;3.415676792;;;;;;
29.5;3.44231234;;;;;;
28;3.388344273;;;;;;
26.5;3.33143455;;;;;;
26.875;3.345955448;;;;;;
27.75;3.37907213;;;;;;
27.42857143;3.367028531;;;;;;
28.375;3.402099938;;;;;;
28.83333333;3.418670056;;;;;;
27.71428571;3.377740791;;;;;;
22.75;3.173892093;;;;;;
25.75;3.301772244;;;;;;
26.125;3.31670878;;;;;;
25.875;3.306774882;;;;;;
25.85714286;3.306061686;;;;;;
27.85714286;3.383055991;;;;;;
28.83333333;3.418670056;;;;;;
28.14285714;3.393605912;;;;;;
28.28571429;3.398841175;;;;;;
28.5;3.406645192;;;;;;
28.25;3.397534817;;;;;;
28.25;3.397534817;;;;;;
28.83333333;3.418670056;;;;;;
29.42857143;3.439804677;;;;;;
28.5;3.406645192;;;;;;
27.14285714;3.356205226;;;;;;
28.42857143;3.404050327;;;;;;
28.375;3.402099938;;;;;;
27.875;3.383718492;;;;;;
27.875;3.383718492;;;;;;
28.125;3.392949655;;;;;;
26.57142857;3.334216054;;;;;;
26.28571429;3.323045283;;;;;;
27.75;3.37907213;;;;;;
27.4;3.365951236;;;;;;
26.875;3.345955448;;;;;;
26.33333333;3.3249154;;;;;;
26.42857143;3.328645613;;;;;;
27.5;3.369716917;;;;;;
27.42857143;3.367028531;;;;;;
28.16666667;3.39448028;;;;;;
27.25;3.360277126;;;;;;
27.14285714;3.356205226;;;;;;
24.5;3.25038051;;;;;;
25;3.27124199;;;;;;
22;3.139311223;;;;;;
22.625;3.168207723;;;;;;
22.75;3.173892093;;;;;;
22.85714286;3.178739853;;;;;;
21.75;3.127524418;;;;;;
22.57142857;3.16576204;;;;;;
22.5;3.162492176;;;;;;
22.25;3.150966165;;;;;;
21.875;3.133434491;;;;;;
22;3.139311223;;;;;;
22.28571429;3.152620564;;;;;;
21.5;3.115602718;;;;;;
21.75;3.127524418;;;;;;
22;3.139311223;;;;;;
22.125;3.145154991;;;;;;
23;3.185168656;;;;;;
23.57142857;3.210494548;;;;;;
21.25;3.103542981;;;;;;
21.625;3.121580624;;;;;;
22.14285714;3.145987146;;;;;;
19.57142857;3.018737973;;;;;;
22.57142857;3.16576204;;;;;;
21.71428571;3.125829649;;;;;;
21.57142857;3.119022864;;;;;;
20;3.041055791;;;;;;
22;3.139311223;;;;;;
19.75;3.028095296;;;;;;
18.625;2.967688346;;;;;;
18.375;2.953774521;;;;;;
18.28571429;2.948759837;;;;;;
19;2.988216192;;;;;;
17.83333333;2.922973631;;;;;;
19.625;3.021554016;;;;;;
18.875;2.981418489;;;;;;
16.85714286;2.865049562;;;;;;
18.625;2.967688346;;;;;;
16.28571429;2.829581456;;;;;;
15.875;2.803319303;;;;;;
15.875;2.803319303;;;;;;
15.125;2.75357809;;;;;;
15;2.745051127;;;;;;
14.375;2.701332533;;;;;;
14.5;2.710224864;;;;;;
14.625;2.719041625;;;;;;
14.625;2.719041625;;;;;;
14.875;2.736453524;;;;;;
14.28571429;2.694933875;;;;;;
12.28571429;2.540163152;;;;;;
14;2.674188813;;;;;;
13.57142857;2.642271767;;;;;;
14.57142857;2.715272183;;;;;;
13.625;2.64631554;;;;;;
14.5;2.710224864;;;;;;
15;2.745051127;;;;;;
15.42857143;2.773999386;;;;;;
14;2.674188813;;;;;;
13.75;2.655690126;;;;;;
14.71428571;2.725293754;;;;;;
13.125;2.607945789;;;;;;
13.625;2.64631554;;;;;;
14.71428571;2.725293754;;;;;;
14.625;2.719041625;;;;;;
12.25;2.537178036;;;;;;
11;2.42687596;;;;;;
11.14285714;2.440093367;;;;;;
12.5;2.557895414;;;;;;
14.71428571;2.725293754;;;;;;
15.5;2.778746571;;;;;;
11.85714286;2.503760999;;;;;;
11.375;2.461217962;;;;;;
10.5;2.379238043;;;;;;
10;2.329299228;;;;;;
8.25;2.132635642;;;;;;
8.625;2.17804549;;;;;;
8.75;2.192748679;;;;;;
9.125;2.235642047;;;;;;
7.625;2.05220634;;;;;;
7.714285714;2.064087516;;;;;;
9.428571429;2.269105868;;;;;;
12;2.51603778;;;;;;
10.71428571;2.39992351;;;;;;
13.875;2.664980717;;;;;;
16.375;2.835203799;;;;;;
14.85714286;2.73521946;;;;;;
12.75;2.578206583;;;;;;
12.85714286;2.586790943;;;;;;
12.625;2.568100772;;;;;;
12.42857143;2.552018323;;;;;;
13;2.598127241;;;;;;
14.25;2.692363319;;;;;;
16.42857143;2.838562655;;;;;;
14.875;2.736453524;;;;;;
14;2.674188813;;;;;;
14.5;2.710224864;;;;;;
14.25;2.692363319;;;;;;
12.14285714;2.528170715;;;;;;
13.85714286;2.663658575;;;;;;
14;2.674188813;;;;;;
15.42857143;2.773999386;;;;;;
15;2.745051127;;;;;;
14.625;2.719041625;;;;;;
16.71428571;2.856295409;;;;;;
17.5;2.903555458;;;;;;
17.875;2.925375596;;;;;;
18.57142857;2.964722442;;;;;;
20.85714286;3.084305219;;;;;;
20.85714286;3.084305219;;;;;;
16.875;2.866138663;;;;;;
15.625;2.787002268;;;;;;
16.28571429;2.829581456;;;;;;
16.57142857;2.847466868;;;;;;
17.57142857;2.90774714;;;;;;
20.42857143;3.062905086;;;;;;
18.33333333;2.951437344;;;;;;
15.85714286;2.802162265;;;;;;
16.75;2.858490872;;;;;;
14.71428571;2.725293754;;;;;;
15;2.745051127;;;;;;
16.5;2.843024301;;;;;;
16;2.811382666;;;;;;
15.71428571;2.79285926;;;;;;
15.42857143;2.773999386;;;;;;
18.42857143;2.956771766;;;;;;
16.5;2.843024301;;;;;;
17.28571429;2.890878022;;;;;;
16;2.811382666;;;;;;
17.125;2.881267422;;;;;;
17.125;2.881267422;;;;;;
16.375;2.835203799;;;;;;
18;2.932548375;;;;;;
17.125;2.881267422;;;;;;
16.83333333;2.863595649;;;;;;
18.4;2.955174311;;;;;;
18.2;2.943922882;;;;;;
20.875;3.085187416;;;;;;
21.33333333;3.107578429;;;;;;
19.85714286;3.033669569;;;;;;
20.28571429;3.055672825;;;;;;
20.28571429;3.055672825;;;;;;
18.6;2.96630531;;;;;;
20.66666667;3.074848311;;;;;;
22.875;3.179545626;;;;;;
24;3.229093212;;;;;;
25.14285714;3.277126574;;;;;;
24.85714286;3.26532402;;;;;;
25.85714286;3.306061686;;;;;;
26.5;3.33143455;;;;;;
26;3.311753651;;;;;;
23.28571429;3.197908514;;;;;;
24;3.229093212;;;;;;
25.2;3.279471145;;;;;;
26;3.311753651;;;;;;
25.42857143;3.28879709;;;;;;
25;3.27124199;;;;;;
27.375;3.36500769;;;;;;
27;3.350751204;;;;;;
27.25;3.360277126;;;;;;
24.28571429;3.241310539;;;;;;
25.71428571;3.300338502;;;;;;
26.14285714;3.317414738;;;;;;
27;3.350751204;;;;;;
26.14285714;3.317414738;;;;;;
24.125;3.234455914;;;;;;
25.71428571;3.300338502;;;;;;
24.57142857;3.25338639;;;;;;
25.625;3.296745506;;;;;;
25.42857143;3.28879709;;;;;;
26.28571429;3.323045283;;;;;;
25.5;3.291694434;;;;;;
26.71428571;3.339756925;;;;;;
27.71428571;3.377740791;;;;;;
27.125;3.35552503;;;;;;
27.625;3.374405;;;;;;
29.57142857;3.444813999;;;;;;
28.5;3.406645192;;;;;;
24.14285714;3.235219768;;;;;;
26.71428571;3.339756925;;;;;;
27.5;3.369716917;;;;;;
26.85714286;3.345268538;;;;;;
29.28571429;3.434771222;;;;;;
28.2;3.395703167;;;;;;
27.85714286;3.383055991;;;;;;
31.42857143;3.507840138;;;;;;
32.28571429;3.535695209;;;;;;
29.6;3.445812988;;;;;;
26.75;3.341137559;;;;;;
32.625;3.546519412;;;;;;
34;3.589273957;;;;;;
33.71428571;3.580532563;;;;;;
34.25;3.596863227;;;;;;
33.375;3.5700564;;;;;;
34.16666667;3.594339581;;;;;;
33.375;3.5700564;;;;;;
31.85714286;3.521860422;;;;;;
30.5;3.476802052;;;;;;
30.875;3.489447805;;;;;;
31.75;3.518372936;;;;;;
33.75;3.58162924;;;;;;
35;3.619306289;;;;;;
35.375;3.630349892;;;;;;
36.25;3.655674052;;;;;;
33.75;3.58162924;;;;;;
33.6;3.577015454;;;;;;
33;3.558354105;;;;;;
34;3.589273957;;;;;;
35.75;3.641278199;;;;;;
37.4;3.688052146;;;;;;
35;3.619306289;;;;;;
33.25;3.566170162;;;;;;
26.875;3.345955448;;;;;;
25;3.27124199;;;;;;
30.57142857;3.479222592;;;;;;
34.125;3.593075473;;;;;;
35.28571429;3.627731012;;;;;;
31.5;3.510189946;;;;;;
30.875;3.489447805;;;;;;
33.125;3.562269433;;;;;;
33.625;3.577785832;;;;;;
33.375;3.5700564;;;;;;
33.5;3.573928254;;;;;;
30.5;3.476802052;;;;;;
30.16666667;3.465431486;;;;;;
32.42857143;3.540266429;;;;;;
33.375;3.5700564;;;;;;
34.42857143;3.602250632;;;;;;
36.75;3.669874654;;;;;;
34.83333333;3.614360369;;;;;;
34;3.589273957;;;;;;
29.25;3.43350906;;;;;;
28.95238095;3.422931322;;;;;;
34.08695652;3.591919951;;;;;;
32.90909091;3.55549736;;;;;;
35.2;3.625210707;;;;;;
35.42857143;3.631918081;;;;;;
30.625;3.481034325;;;;;;
32;3.526492384;;;;;;
29.875;3.455379736;;;;;;
30.625;3.481034325;;;;;;
31.125;3.49779411;;;;;;
32.25;3.534549275;;;;;;
33.66666667;3.579068538;;;;;;
34.57142857;3.606540675;;;;;;
33.85714286;3.584912389;;;;;;
34.66666667;3.609390965;;;;;;
32.42857143;3.540266429;;;;;;
28.14285714;3.393605912;;;;;;
29.875;3.455379736;;;;;;
30.25;3.468285746;;;;;;
28.85714286;3.419523701;;;;;;
29.71428571;3.449799421;;;;;;
31.125;3.49779411;;;;;;
30.875;3.489447805;;;;;;
32.875;3.554424066;;;;;;
33.375;3.5700564;;;;;;
31.14285714;3.498387733;;;;;;
30.125;3.464001427;;;;;;
30.875;3.489447805;;;;;;
28;3.388344273;;;;;;
28.75;3.415676792;;;;;;
28.8;3.417473779;;;;;;
31.375;3.506074309;;;;;;
31.75;3.518372936;;;;;;
33;3.558354105;;;;;;
29.71428571;3.449799421;;;;;;
28.875;3.420163477;;;;;;
29.75;3.451042069;;;;;;
29.14285714;3.429713401;;;;;;
30.14285714;3.464614549;;;;;;
31.33333333;3.504698822;;;;;;
32.83333333;3.553110766;;;;;;
31.125;3.49779411;;;;;;
31.25;3.501942407;;;;;;
30;3.459699473;;;;;;
31.33333333;3.504698822;;;;;;
30.28571429;3.469506618;;;;;;
29.42857143;3.439804677;;;;;;
29.125;3.429079448;;;;;;
29.375;3.437919972;;;;;;
30;3.459699473;;;;;;
30.875;3.489447805;;;;;;
32.83333333;3.553110766;;;;;;
32.375;3.538554562;;;;;;
33.375;3.5700564;;;;;;
30.875;3.489447805;;;;;;
29.57142857;3.444813999;;;;;;
30.28571429;3.469506618;;;;;;
29.71428571;3.449799421;;;;;;
31.75;3.518372936;;;;;;
30.71428571;3.484046919;;;;;;
31.14285714;3.498387733;;;;;;
28.83333333;3.418670056;;;;;;
28.75;3.415676792;;;;;;
27.57142857;3.372398399;;;;;;
29.5;3.44231234;;;;;;
28.14285714;3.393605912;;;;;;
26.75;3.341137559;;;;;;
26.57142857;3.334216054;;;;;;
29.71428571;3.449799421;;;;;;
30.375;3.472552573;;;;;;
28.375;3.402099938;;;;;;
29.5;3.44231234;;;;;;
31.125;3.49779411;;;;;;
31.57142857;3.512534485;;;;;;
28.125;3.392949655;;;;;;
27.28571429;3.361630904;;;;;;
30;3.459699473;;;;;;
28.85714286;3.419523701;;;;;;
29.375;3.437919972;;;;;;
31.125;3.49779411;;;;;;
32.2;3.532942855;;;;;;
31.125;3.49779411;;;;;;
31.75;3.518372936;;;;;;
32.28571429;3.535695209;;;;;;
32;3.526492384;;;;;;
29.6;3.445812988;;;;;;
28.14285714;3.393605912;;;;;;
27.71428571;3.377740791;;;;;;
28;3.388344273;;;;;;
28.625;3.411170754;;;;;;
29.5;3.44231234;;;;;;
27.28571429;3.361630904;;;;;;
30.28571429;3.469506618;;;;;;
30.42857143;3.474375894;;;;;;
29.83333333;3.453935847;;;;;;
31.28571429;3.503124618;;;;;;
31.25;3.501942407;;;;;;
27.42857143;3.367028531;;;;;;
28.5;3.406645192;;;;;;
28.875;3.420163477;;;;;;
28.57142857;3.409233628;;;;;;
28.57142857;3.409233628;;;;;;
29;3.424630974;;;;;;
28.75;3.415676792;;;;;;
29.28571429;3.434771222;;;;;;
28.83333333;3.418670056;;;;;;
27.71428571;3.377740791;;;;;;
28.71428571;3.414391335;;;;;;
29.375;3.437919972;;;;;;
28.14285714;3.393605912;;;;;;
28.33333333;3.400580447;;;;;;
27.85714286;3.383055991;;;;;;
28;3.388344273;;;;;;
28.25;3.397534817;;;;;;
28.125;3.392949655;;;;;;
29;3.424630974;;;;;;
28.375;3.402099938;;;;;;
28.375;3.402099938;;;;;;
28;3.388344273;;;;;;
27.875;3.383718492;;;;;;
28.25;3.397534817;;;;;;
26.66666667;3.337913234;;;;;;
27.57142857;3.372398399;;;;;;
27.25;3.360277126;;;;;;
26.57142857;3.334216054;;;;;;
27.57142857;3.372398399;;;;;;
28;3.388344273;;;;;;
26.25;3.321640492;;;;;;
25.5;3.291694434;;;;;;
24;3.229093212;;;;;;
24.28571429;3.241310539;;;;;;
24.625;3.255635128;;;;;;
24.75;3.260863405;;;;;;
24.75;3.260863405;;;;;;
24.5;3.25038051;;;;;;
25.42857143;3.28879709;;;;;;
22.8;3.176157187;;;;;;
22.57142857;3.16576204;;;;;;
22.875;3.179545626;;;;;;
22.5;3.162492176;;;;;;
21.875;3.133434491;;;;;;
20.71428571;3.077220603;;;;;;
23;3.185168656;;;;;;
21.75;3.127524418;;;;;;
22.375;3.156745107;;;;;;
21.42857143;3.112171304;;;;;;
22.75;3.173892093;;;;;;
22;3.139311223;;;;;;
22.75;3.173892093;;;;;;
22.85714286;3.178739853;;;;;;
21.25;3.103542981;;;;;;
22.5;3.162492176;;;;;;
23.57142857;3.210494548;;;;;;
23.66666667;3.214656351;;;;;;
22.85714286;3.178739853;;;;;;
23;3.185168656;;;;;;
20;3.041055791;;;;;;
21.125;3.097460338;;;;;;
19.5;3.014971357;;;;;;
21.5;3.115602718;;;;;;
21.71428571;3.125829649;;;;;;
21.625;3.121580624;;;;;;
19.71428571;3.026230551;;;;;;
19.14285714;2.99593099;;;;;;
20;3.041055791;;;;;;
19.83333333;3.032433419;;;;;;
20.57142857;3.070087449;;;;;;
18.42857143;2.956771766;;;;;;
19;2.988216192;;;;;;
17.71428571;2.916080134;;;;;;
17.14285714;2.882339666;;;;;;
18.33333333;2.951437344;;;;;;
18.85714286;2.980443753;;;;;;
18.33333333;2.951437344;;;;;;
17.57142857;2.90774714;;;;;;
18.57142857;2.964722442;;;;;;
20.5;3.066502461;;;;;;
18.57142857;2.964722442;;;;;;
19;2.988216192;;;;;;
19.57142857;3.018737973;;;;;;
19.625;3.021554016;;;;;;
20.5;3.066502461;;;;;;
18.625;2.967688346;;;;;;
17.71428571;2.916080134;;;;;;
14.75;2.727784095;;;;;;
14.5;2.710224864;;;;;;
13.5;2.636855419;;;;;;
13.5;2.636855419;;;;;;
12.625;2.568100772;;;;;;
12.375;2.547588519;;;;;;
10.85714286;2.41348751;;;;;;
12.83333333;2.584889444;;;;;;
11.625;2.483495439;;;;;;
12;2.51603778;;;;;;
14.66666667;2.721963974;;;;;;
12.5;2.557895414;;;;;;
10.625;2.391354787;;;;;;
11.42857143;2.466032237;;;;;;
9.428571429;2.269105868;;;;;;
9.333333333;2.258723655;;;;;;
10.28571429;2.35813035;;;;;;
13.85714286;2.663658575;;;;;;
12.14285714;2.528170715;;;;;;
12.5;2.557895414;;;;;;
15.16666667;2.756404914;;;;;;
16.28571429;2.829581456;;;;;;
14.42857143;2.705152869;;;;;;
14.16666667;2.686340466;;;;;;
14.75;2.727784095;;;;;;
14.625;2.719041625;;;;;;
14.5;2.710224864;;;;;;
14.4;2.703117107;;;;;;
13;2.598127241;;;;;;
11.125;2.438450395;;;;;;
10.125;2.342011895;;;;;;
9.571428571;2.284486127;;;;;;
10.6;2.388942769;;;;;;
12.42857143;2.552018323;;;;;;
14.5;2.710224864;;;;;;
16.57142857;2.847466868;;;;;;
15.5;2.778746571;;;;;;
10.33333333;2.362858326;;;;;;
9.75;2.303394972;;;;;;
10.625;2.391354787;;;;;;
9.125;2.235642047;;;;;;
11;2.42687596;;;;;;
12;2.51603778;;;;;;
11.57142857;2.478761891;;;;;;
14.66666667;2.721963974;;;;;;
14.6;2.717284256;;;;;;
14.25;2.692363319;;;;;;
11.71428571;2.491336901;;;;;;
12.375;2.547588519;;;;;;
12.625;2.568100772;;;;;;
14.71428571;2.725293754;;;;;;
11.66666667;2.487162181;;;;;;
13.625;2.64631554;;;;;;
14.83333333;2.733571755;;;;;;
15.625;2.787002268;;;;;;
15.8;2.798451059;;;;;;
17;2.873730575;;;;;;
15.71428571;2.79285926;;;;;;
13.5;2.636855419;;;;;;
13.4;2.629224674;;;;;;
13;2.598127241;;;;;;
13;2.598127241;;;;;;
14.875;2.736453524;;;;;;
18;2.932548375;;;;;;
16.83333333;2.863595649;;;;;;
16.875;2.866138663;;;;;;
15.375;2.770424697;;;;;;
13.875;2.664980717;;;;;;
14.875;2.736453524;;;;;;
14.5;2.710224864;;;;;;
17.25;2.888750001;;;;;;
17.14285714;2.882339666;;;;;;
19.33333333;3.006129195;;;;;;
23;3.185168656;;;;;;
17.6;2.909419091;;;;;;
18.125;2.93967201;;;;;;
16.83333333;2.863595649;;;;;;
16.5;2.843024301;;;;;;
17.42857143;2.899346804;;;;;;
17.85714286;2.924346862;;;;;;
18;2.932548375;;;;;;
18.71428571;2.9726128;;;;;;
20.125;3.047476015;;;;;;
21.33333333;3.107578429;;;;;;
24.33333333;3.243332916;;;;;;
25.125;3.276392814;;;;;;
23.14285714;3.191558049;;;;;;
22.14285714;3.145987146;;;;;;
19.28571429;3.003589;;;;;;
17.66666667;2.913309885;;;;;;
17;2.873730575;;;;;;
19;2.988216192;;;;;;
19.16666667;2.997211246;;;;;;
19.5;3.014971357;;;;;;
18.33333333;2.951437344;;;;;;
20;3.041055791;;;;;;
21.42857143;3.112171304;;;;;;
24.33333333;3.243332916;;;;;;
25;3.27124199;;;;;;
28.57142857;3.409233628;;;;;;
26.125;3.31670878;;;;;;
18.5;2.960754702;;;;;;
18.4;2.955174311;;;;;;
22.14285714;3.145987146;;;;;;
25.375;3.286618789;;;;;;
25;3.27124199;;;;;;
26.8;3.343067384;;;;;;
25.42857143;3.28879709;;;;;;
26.375;3.326549009;;;;;;
25.57142857;3.294583754;;;;;;
26.28571429;3.323045283;;;;;;
27.875;3.383718492;;;;;;
30;3.459699473;;;;;;
28.42857143;3.404050327;;;;;;
31.14285714;3.498387733;;;;;;
28.57142857;3.409233628;;;;;;
29;3.424630974;;;;;;
29;3.424630974;;;;;;
29.75;3.451042069;;;;;;
28.28571429;3.398841175;;;;;;
29.57142857;3.444813999;;;;;;
27.57142857;3.372398399;;;;;;
24.4;3.246157671;;;;;;
27.16666667;3.357111466;;;;;;
25.5;3.291694434;;;;;;
23.71428571;3.216731039;;;;;;
24.75;3.260863405;;;;;;
27.625;3.374405;;;;;;
28;3.388344273;;;;;;
27.375;3.36500769;;;;;;
30.14285714;3.464614549;;;;;;
28.6;3.410267209;;;;;;
29.42857143;3.439804677;;;;;;
29.14285714;3.429713401;;;;;;
28.375;3.402099938;;;;;;
29.14285714;3.429713401;;;;;;
28.75;3.415676792;;;;;;
26.42857143;3.328645613;;;;;;
27;3.350751204;;;;;;
28.85714286;3.419523701;;;;;;
30.75;3.48524953;;;;;;
30.14285714;3.464614549;;;;;;
28.85714286;3.419523701;;;;;;
29.28571429;3.434771222;;;;;;
29.75;3.451042069;;;;;;
33.4;3.570831918;;;;;;
32.28571429;3.535695209;;;;;;
31.57142857;3.512534485;;;;;;
32.875;3.554424066;;;;;;
32.66666667;3.54784101;;;;;;
33.625;3.577785832;;;;;;
34.625;3.608144918;;;;;;
31.5;3.510189946;;;;;;
28.28571429;3.398841175;;;;;;
31.625;3.514289446;;;;;;
29.14285714;3.429713401;;;;;;
34;3.589273957;;;;;;
34.33333333;3.599380801;;;;;;
32.625;3.546519412;;;;;;
35.14285714;3.623527126;;;;;;
35;3.619306289;;;;;;
33.14285714;3.562827572;;;;;;
34.625;3.608144918;;;;;;
33.6;3.577015454;;;;;;
33.71428571;3.580532563;;;;;;
35.85714286;3.644379732;;;;;;
36.42857143;3.660767832;;;;;;
35.85714286;3.644379732;;;;;;
35.75;3.641278199;;;;;;
33.71428571;3.580532563;;;;;;
36.375;3.659242298;;;;;;
37.75;3.697710901;;;;;;
38.28571429;3.712324344;;;;;;
38.375;3.71474022;;;;;;
38;3.704555885;;;;;;
34;3.589273957;;;;;;
36.14285714;3.652605846;;;;;;
32.375;3.538554562;;;;;;
32.57142857;3.544817757;;;;;;
33.8;3.583162658;;;;;;
33;3.558354105;;;;;;
35.66666667;3.638859526;;;;;;
35.57142857;3.636088469;;;;;;
34.16666667;3.594339581;;;;;;
36.375;3.659242298;;;;;;
38.71428571;3.723870077;;;;;;
37.57142857;3.692794094;;;;;;
36.6;3.665634658;;;;;;
37.85714286;3.700649944;;;;;;
39.14285714;3.735289962;;;;;;
32.75;3.550479206;;;;;;
34.875;3.615599041;;;;;;
37.28571429;3.684878877;;;;;;
38.42857143;3.716187076;;;;;;
36.5;3.662798426;;;;;;
37.14285714;3.680898723;;;;;;
37.75;3.697710901;;;;;;
37.25;3.683885256;;;;;;
35.75;3.641278199;;;;;;
35.85714286;3.644379732;;;;;;
36.85714286;3.672892746;;;;;;
36.83333333;3.67222281;;;;;;
36.71428571;3.668866687;;;;;;
37.75;3.697710901;;;;;;
37;3.676903385;;;;;;
34;3.589273957;;;;;;
34.71428571;3.610813204;;;;;;
32.66666667;3.54784101;;;;;;
29.5;3.44231234;;;;;;
26.71428571;3.339756925;;;;;;
30.125;3.464001427;;;;;;
30.71428571;3.484046919;;;;;;
31.85714286;3.521860422;;;;;;
30.42857143;3.474375894;;;;;;
29.2;3.431739468;;;;;;
29.71428571;3.449799421;;;;;;
30.14285714;3.464614549;;;;;;
32.125;3.530528588;;;;;;
32.5;3.542544569;;;;;;
33.625;3.577785832;;;;;;
34.16666667;3.594339581;;;;;;
35.875;3.644895762;;;;;;
33.42857143;3.571717521;;;;;;
31.85714286;3.521860422;;;;;;
33;3.558354105;;;;;;
33.14285714;3.562827572;;;;;;
33.28571429;3.567281989;;;;;;
30.28571429;3.469506618;;;;;;
30.28571429;3.469506618;;;;;;
30.8;3.486930864;;;;;;
31;3.493629287;;;;;;
30.28571429;3.469506618;;;;;;
30.33333333;3.471132232;;;;;;
27.25;3.360277126;;;;;;
28;3.388344273;;;;;;
31.57142857;3.512534485;;;;;;
32.2;3.532942855;;;;;;
30.33333333;3.471132232;;;;;;
31.8;3.520001877;;;;;;
31.125;3.49779411;;;;;;
29.5;3.44231234;;;;;;
28.71428571;3.414391335;;;;;;
29.28571429;3.434771222;;;;;;
31;3.493629287;;;;;;
28.33333333;3.400580447;;;;;;
30.16666667;3.465431486;;;;;;
28.42857143;3.404050327;;;;;;
28.57142857;3.409233628;;;;;;
29.57142857;3.444813999;;;;;;
29;3.424630974;;;;;;
31.4;3.506898734;;;;;;
32;3.526492384;;;;;;
30.5;3.476802052;;;;;;
28.71428571;3.414391335;;;;;;
27.33333333;3.363433215;;;;;;
28.125;3.392949655;;;;;;
27.71428571;3.377740791;;;;;;
27.28571429;3.361630904;;;;;;
27;3.350751204;;;;;;
28.8;3.417473779;;;;;;
28.33333333;3.400580447;;;;;;
27.85714286;3.383055991;;;;;;
27.57142857;3.372398399;;;;;;
27.14285714;3.356205226;;;;;;
29.85714286;3.454761171;;;;;;
31.28571429;3.503124618;;;;;;
29.28571429;3.434771222;;;;;;
29.66666667;3.448140255;;;;;;
29.4;3.438799924;;;;;;
30.71428571;3.484046919;;;;;;
30.14285714;3.464614549;;;;;;
28.5;3.406645192;;;;;;
28.83333333;3.418670056;;;;;;
31.28571429;3.503124618;;;;;;
31.42857143;3.507840138;;;;;;
30.5;3.476802052;;;;;;
29.8;3.452779297;;;;;;
30.375;3.472552573;;;;;;
28.28571429;3.398841175;;;;;;
28.25;3.397534817;;;;;;
29.57142857;3.444813999;;;;;;
28.14285714;3.393605912;;;;;;
27.625;3.374405;;;;;;
29.14285714;3.429713401;;;;;;
28.625;3.411170754;;;;;;
28.85714286;3.419523701;;;;;;
29.57142857;3.444813999;;;;;;
29.16666667;3.430558073;;;;;;
28.625;3.411170754;;;;;;
28.4;3.403010573;;;;;;
28.8;3.417473779;;;;;;
27.85714286;3.383055991;;;;;;
27.71428571;3.377740791;;;;;;
28.83333333;3.418670056;;;;;;
27.16666667;3.357111466;;;;;;
26.75;3.341137559;;;;;;
29.625;3.446686321;;;;;;
27.2;3.358378882;;;;;;
32;3.526492384;;;;;;
27.16666667;3.357111466;;;;;;
25.85714286;3.306061686;;;;;;
26.875;3.345955448;;;;;;
22.6;3.167067119;;;;;;
24.16666667;3.23623737;;;;;;
24.5;3.25038051;;;;;;
26.42857143;3.328645613;;;;;;
26.33333333;3.3249154;;;;;;
24.16666667;3.23623737;;;;;;
27.33333333;3.363433215;;;;;;
27;3.350751204;;;;;;
25.25;3.281518331;;;;;;
24.85714286;3.26532402;;;;;;
25.42857143;3.28879709;;;;;;
23.14285714;3.191558049;;;;;;
22;3.139311223;;;;;;
24.5;3.25038051;;;;;;
24.8;3.262947399;;;;;;
22.2;3.148645583;;;;;;
24;3.229093212;;;;;;
20.42857143;3.062905086;;;;;;
21.2;3.101114185;;;;;;
21.8;3.129892472;;;;;;
19.75;3.028095296;;;;;;
22.14285714;3.145987146;;;;;;
22.8;3.176157187;;;;;;
21.28571429;3.105274374;;;;;;
20.28571429;3.055672825;;;;;;
20.2;3.051309227;;;;;;
19.5;3.014971357;;;;;;
20.375;3.060198873;;;;;;
19.14285714;2.99593099;;;;;;
19.85714286;3.033669569;;;;;;
21.14285714;3.098331465;;;;;;
19.875;3.034595718;;;;;;
21.4;3.110795567;;;;;;
21.16666667;3.099491836;;;;;;
20.5;3.066502461;;;;;;
21.14285714;3.098331465;;;;;;
16.8;2.861556747;;;;;;
19.28571429;3.003589;;;;;;
19.28571429;3.003589;;;;;;
19.5;3.014971357;;;;;;
16.4;2.836772617;;;;;;
19.75;3.028095296;;;;;;
18.16666667;2.942035751;;;;;;
19.66666667;3.023739014;;;;;;
17.42857143;2.899346804;;;;;;
17.16666667;2.883767605;;;;;;
16.2;2.824155223;;;;;;
18.66666667;2.969989326;;;;;;
14.83333333;2.733571755;;;;;;
16.875;2.866138663;;;;;;
17.42857143;2.899346804;;;;;;
16.57142857;2.847466868;;;;;;
18.2;2.943922882;;;;;;
16.42857143;2.838562655;;;;;;
16;2.811382666;;;;;;
16.33333333;2.832583826;;;;;;
14.125;2.683315874;;;;;;
15.2;2.758660843;;;;;;
17;2.873730575;;;;;;
19.2;2.999000961;;;;;;
16.85714286;2.865049562;;;;;;
16;2.811382666;;;;;;
18;2.932548375;;;;;;
18;2.932548375;;;;;;
14.375;2.701332533;;;;;;
15.5;2.778746571;;;;;;
18.83333333;2.979142681;;;;;;
17.85714286;2.924346862;;;;;;
18.42857143;2.956771766;;;;;;
16.83333333;2.863595649;;;;;;
16.83333333;2.863595649;;;;;;
16.66666667;2.85336089;;;;;;
16.2;2.824155223;;;;;;
13;2.598127241;;;;;;
14.42857143;2.705152869;;;;;;
13.16666667;2.611198076;;;;;;
12.5;2.557895414;;;;;;
12;2.51603778;;;;;;
10.85714286;2.41348751;;;;;;
12.83333333;2.584889444;;;;;;
9.666666667;2.294613888;;;;;;
10.4;2.369441381;;;;;;
14.8;2.731260563;;;;;;
11.71428571;2.491336901;;;;;;
10.33333333;2.362858326;;;;;;
10;2.329299228;;;;;;
7.4;2.021643912;;;;;;
7.166666667;1.988962072;;;;;;
8.666666667;2.182969862;;;;;;
6;1.807907781;;;;;;
7;1.964966386;;;;;;
7;1.964966386;;;;;;
8.857142857;2.205186841;;;;;;
14;2.674188813;;;;;;
11;2.42687596;;;;;;
15.71428571;2.79285926;;;;;;
14;2.674188813;;;;;;
15.83333333;2.800617541;;;;;;
12.83333333;2.584889444;;;;;;
14.71428571;2.725293754;;;;;;
13.83333333;2.661893093;;;;;;
16.5;2.843024301;;;;;;
13.83333333;2.661893093;;;;;;
12.5;2.557895414;;;;;;
11.28571429;2.453144068;;;;;;
11.2;2.445333415;;;;;;
9.5;2.276824619;;;;;;
14;2.674188813;;;;;;
13.83333333;2.661893093;;;;;;
12.25;2.537178036;;;;;;
12.66666667;2.57148034;;;;;;
12.85714286;2.586790943;;;;;;
14.83333333;2.733571755;;;;;;
14.125;2.683315874;;;;;;
14.71428571;2.725293754;;;;;;
16.2;2.824155223;;;;;;
16;2.811382666;;;;;;
16.28571429;2.829581456;;;;;;
18;2.932548375;;;;;;
17.42857143;2.899346804;;;;;;
16.625;2.850786369;;;;;;
16.66666667;2.85336089;;;;;;
15.6;2.785356372;;;;;;
14;2.674188813;;;;;;
15.42857143;2.773999386;;;;;;
15.25;2.76203557;;;;;;
15.875;2.803319303;;;;;;
15.33333333;2.767635847;;;;;;
16.28571429;2.829581456;;;;;;
17.33333333;2.893708624;;;;;;
19.16666667;2.997211246;;;;;;
14.42857143;2.705152869;;;;;;
13.66666667;2.649449829;;;;;;
15.6;2.785356372;;;;;;
15.85714286;2.802162265;;;;;;
17.71428571;2.916080134;;;;;;
20;3.041055791;;;;;;
20.5;3.066502461;;;;;;
17.42857143;2.899346804;;;;;;
16.85714286;2.865049562;;;;;;
16.875;2.866138663;;;;;;
17.85714286;2.924346862;;;;;;
20.8;3.081477154;;;;;;
19.42857143;3.011191056;;;;;;
17.33333333;2.893708624;;;;;;
19;2.988216192;;;;;;
19.33333333;3.006129195;;;;;;
17.6;2.909419091;;;;;;
20.875;3.085187416;;;;;;
20.85714286;3.084305219;;;;;;
23.42857143;3.204220525;;;;;;
24.16666667;3.23623737;;;;;;
25.42857143;3.28879709;;;;;;
23.14285714;3.191558049;;;;;;
24;3.229093212;;;;;;
23.5;3.207362257;;;;;;
21.5;3.115602718;;;;;;
22.33333333;3.154822352;;;;;;
24.16666667;3.23623737;;;;;;
20.33333333;3.058089166;;;;;;
22.66666667;3.17010596;;;;;;
23.42857143;3.204220525;;;;;;
22.5;3.162492176;;;;;;
29.16666667;3.430558073;;;;;;
23.83333333;3.221899769;;;;;;
25.25;3.281518331;;;;;;
27.375;3.36500769;;;;;;
27;3.350751204;;;;;;
23.5;3.207362257;;;;;;
24.14285714;3.235219768;;;;;;
21;3.091341958;;;;;;
22.42857143;3.159212019;;;;;;
21.25;3.103542981;;;;;;
23.5;3.207362257;;;;;;
23.2;3.19410288;;;;;;
25.375;3.286618789;;;;;;
25.16666667;3.278104119;;;;;;
26.2;3.319670603;;;;;;
24.6;3.25458632;;;;;;
25.6;3.295737246;;;;;;
25.85714286;3.306061686;;;;;;
29.14285714;3.429713401;;;;;;
28.71428571;3.414391335;;;;;;
30.16666667;3.465431486;;;;;;
30;3.459699473;;;;;;
30;3.459699473;;;;;;
28.85714286;3.419523701;;;;;;
30.2;3.466574125;;;;;;
28.25;3.397534817;;;;;;
28.25;3.397534817;;;;;;
32.125;3.530528588;;;;;;
29.2;3.431739468;;;;;;
30.28571429;3.469506618;;;;;;
28.28571429;3.398841175;;;;;;
30.625;3.481034325;;;;;;
27.66666667;3.375963029;;;;;;
27.375;3.36500769;;;;;;
28.625;3.411170754;;;;;;
30.28571429;3.469506618;;;;;;
31.14285714;3.498387733;;;;;;
29.875;3.455379736;;;;;;
31.14285714;3.498387733;;;;;;
30.57142857;3.479222592;;;;;;
32.125;3.530528588;;;;;;
31.14285714;3.498387733;;;;;;
31.85714286;3.521860422;;;;;;
29.83333333;3.453935847;;;;;;
28.57142857;3.409233628;;;;;;
32.85714286;3.553861425;;;;;;
32.625;3.546519412;;;;;;
32.75;3.550479206;;;;;;
32.875;3.554424066;;;;;;
34.5;3.604397852;;;;;;
34.28571429;3.597942929;;;;;;
34;3.589273957;;;;;;
30.75;3.48524953;;;;;;
29.85714286;3.454761171;;;;;;
31.71428571;3.517207851;;;;;;
32.28571429;3.535695209;;;;;;
33;3.558354105;;;;;;
33;3.558354105;;;;;;
32.83333333;3.553110766;;;;;;
31.4;3.506898734;;;;;;
35.33333333;3.629128563;;;;;;
36.4;3.65995449;;;;;;
36;3.648500868;;;;;;
36.75;3.669874654;;;;;;
37.5;3.690820891;;;;;;
38.42857143;3.716187076;;;;;;
38.71428571;3.723870077;;;;;;
37.8;3.699083481;;;;;;
35.85714286;3.644379732;;;;;;
35.33333333;3.629128563;;;;;;
34.14285714;3.59361742;;;;;;
32.2;3.532942855;;;;;;
33.625;3.577785832;;;;;;
32;3.526492384;;;;;;
32.4;3.539353782;;;;;;
35.6;3.636920557;;;;;;
35.85714286;3.644379732;;;;;;
37.16666667;3.681563134;;;;;;
31.28571429;3.503124618;;;;;;
34;3.589273957;;;;;;
34.2;3.59534977;;;;;;
36.16666667;3.653288447;;;;;;
36.625;3.666342517;;;;;;
30.16666667;3.465431486;;;;;;
34.14285714;3.59361742;;;;;;
29.83333333;3.453935847;;;;;;
30.14285714;3.464614549;;;;;;
30.71428571;3.484046919;;;;;;
27;3.350751204;;;;;;
26.875;3.345955448;;;;;;
28.4;3.403010573;;;;;;
29.85714286;3.454761171;;;;;;
33;3.558354105;;;;;;
34.83333333;3.614360369;;;;;;
35.6;3.636920557;;;;;;
35.16666667;3.624228947;;;;;;
33.14285714;3.562827572;;;;;;
30.57142857;3.479222592;;;;;;
30.66666667;3.482441283;;;;;;
31.42857143;3.507840138;;;;;;
31.5;3.510189946;;;;;;
33.25;3.566170162;;;;;;
32.83333333;3.553110766;;;;;;
33.85714286;3.584912389;;;;;;
33.14285714;3.562827572;;;;;;
31.57142857;3.512534485;;;;;;
32.375;3.538554562;;;;;;
32.8;3.552058936;;;;;;
31;3.493629287;;;;;;
31.16666667;3.499178706;;;;;;
29.83333333;3.453935847;;;;;;
29;3.424630974;;;;;;
29.75;3.451042069;;;;;;
32.5;3.542544569;;;;;;
28.875;3.420163477;;;;;;
31.75;3.518372936;;;;;;
30.75;3.48524953;;;;;;
31.75;3.518372936;;;;;;
29.875;3.455379736;;;;;;
31.125;3.49779411;;;;;;
31.75;3.518372936;;;;;;
30.5;3.476802052;;;;;;
26.83333333;3.344351955;;;;;;
28.2;3.395703167;;;;;;
29.5;3.44231234;;;;;;
31.85714286;3.521860422;;;;;;
29.71428571;3.449799421;;;;;;
28.33333333;3.400580447;;;;;;
30;3.459699473;;;;;;
30.14285714;3.464614549;;;;;;
32.28571429;3.535695209;;;;;;
31;3.493629287;;;;;;
30.5;3.476802052;;;;;;
28.83333333;3.418670056;;;;;;
30;3.459699473;;;;;;
31.57142857;3.512534485;;;;;;
32.5;3.542544569;;;;;;
32.5;3.542544569;;;;;;
29.5;3.44231234;;;;;;
27.16666667;3.357111466;;;;;;
28.375;3.402099938;;;;;;
28.5;3.406645192;;;;;;
27.16666667;3.357111466;;;;;;
29.42857143;3.439804677;;;;;;
30;3.459699473;;;;;;
29.5;3.44231234;;;;;;
30.75;3.48524953;;;;;;
29.66666667;3.448140255;;;;;;
27.71428571;3.377740791;;;;;;
26.6;3.335326584;;;;;;
27.42857143;3.367028531;;;;;;
28.33333333;3.400580447;;;;;;
28.16666667;3.39448028;;;;;;
27.375;3.36500769;;;;;;
28.33333333;3.400580447;;;;;;
29.16666667;3.430558073;;;;;;
31.28571429;3.503124618;;;;;;
32;3.526492384;;;;;;
29;3.424630974;;;;;;
32;3.526492384;;;;;;
32.14285714;3.53110392;;;;;;
30.14285714;3.464614549;;;;;;
31.5;3.510189946;;;;;;
29.16666667;3.430558073;;;;;;
29;3.424630974;;;;;;
30;3.459699473;;;;;;
31.85714286;3.521860422;;;;;;
32.75;3.550479206;;;;;;
31.71428571;3.517207851;;;;;;
31.66666667;3.515652382;;;;;;
30.57142857;3.479222592;;;;;;
30.83333333;3.488050253;;;;;;
28;3.388344273;;;;;;
31;3.493629287;;;;;;
29.66666667;3.448140255;;;;;;
30.85714286;3.488849083;;;;;;
31.16666667;3.499178706;;;;;;
31.14285714;3.498387733;;;;;;
30.5;3.476802052;;;;;;
31.625;3.514289446;;;;;;
29.66666667;3.448140255;;;;;;
29.25;3.43350906;;;;;;
29.14285714;3.429713401;;;;;;
29.8;3.452779297;;;;;;
28.66666667;3.412674927;;;;;;
25.2;3.279471145;;;;;;
28.33333333;3.400580447;;;;;;
30.28571429;3.469506618;;;;;;
30.75;3.48524953;;;;;;
28.57142857;3.409233628;;;;;;
28.2;3.395703167;;;;;;
29;3.424630974;;;;;;
30;3.459699473;;;;;;
28.14285714;3.393605912;;;;;;
26.85714286;3.345268538;;;;;;
28.28571429;3.398841175;;;;;;
29.2;3.431739468;;;;;;
28.6;3.410267209;;;;;;
24.83333333;3.26433442;;;;;;
28.5;3.406645192;;;;;;
29.75;3.451042069;;;;;;
29.71428571;3.449799421;;;;;;
29.2;3.431739468;;;;;;
30.83333333;3.488050253;;;;;;
29.42857143;3.439804677;;;;;;
23.85714286;3.222930447;;;;;;
26.14285714;3.317414738;;;;;;
27.16666667;3.357111466;;;;;;
27.71428571;3.377740791;;;;;;
25.85714286;3.306061686;;;;;;
26.42857143;3.328645613;;;;;;
26.85714286;3.345268538;;;;;;
26.33333333;3.3249154;;;;;;
24.57142857;3.25338639;;;;;;
24.33333333;3.243332916;;;;;;
24.875;3.266065605;;;;;;
27.8;3.380933156;;;;;;
25;3.27124199;;;;;;
23.85714286;3.222930447;;;;;;
22.8;3.176157187;;;;;;
23;3.185168656;;;;;;
22.875;3.179545626;;;;;;
22.66666667;3.17010596;;;;;;
23;3.185168656;;;;;;
22.85714286;3.178739853;;;;;;
23.66666667;3.214656351;;;;;;
23.42857143;3.204220525;;;;;;
21.625;3.121580624;;;;;;
20.625;3.072768112;;;;;;
21.16666667;3.099491836;;;;;;
18.83333333;2.979142681;;;;;;
20.57142857;3.070087449;;;;;;
20.14285714;3.048389966;;;;;;
18;2.932548375;;;;;;
19.85714286;3.033669569;;;;;;
16.83333333;2.863595649;;;;;;
18.85714286;2.980443753;;;;;;
16.57142857;2.847466868;;;;;;
17.75;2.918152987;;;;;;
17.625;2.910879846;;;;;;
17;2.873730575;;;;;;
16.625;2.850786369;;;;;;
15.57142857;2.783472148;;;;;;
18.5;2.960754702;;;;;;
17.875;2.925375596;;;;;;
18.25;2.946747173;;;;;;
17.875;2.925375596;;;;;;
17.625;2.910879846;;;;;;
18.14285714;2.9406857;;;;;;
19.125;2.994969763;;;;;;
21.25;3.103542981;;;;;;
21.25;3.103542981;;;;;;
19.125;2.994969763;;;;;;
18.625;2.967688346;;;;;;
17.75;2.918152987;;;;;;
17.875;2.925375596;;;;;;
18;2.932548375;;;;;;
17.25;2.888750001;;;;;;
17.5;2.903555458;;;;;;
17.14285714;2.882339666;;;;;;
17.14285714;2.882339666;;;;;;
16.125;2.819383903;;;;;;
16;2.811382666;;;;;;
16.5;2.843024301;;;;;;
16.125;2.819383903;;;;;;
15.5;2.778746571;;;;;;
16.625;2.850786369;;;;;;
17.75;2.918152987;;;;;;
17.14285714;2.882339666;;;;;;
16.14285714;2.820521922;;;;;;
15.5;2.778746571;;;;;;
15.25;2.76203557;;;;;;
14.75;2.727784095;;;;;;
14.875;2.736453524;;;;;;
16.125;2.819383903;;;;;;
15.375;2.770424697;;;;;;
14.75;2.727784095;;;;;;
15.25;2.76203557;;;;;;
14.25;2.692363319;;;;;;
13.5;2.636855419;;;;;;
13.66666667;2.649449829;;;;;;
12.125;2.526661849;;;;;;
11.875;2.50530358;;;;;;
10.875;2.415170573;;;;;;
10.57142857;2.38617927;;;;;;
12.375;2.547588519;;;;;;
14.5;2.710224864;;;;;;
13.375;2.62730818;;;;;;
11;2.42687596;;;;;;
12.5;2.557895414;;;;;;
12.875;2.588214781;;;;;;
12.375;2.547588519;;;;;;
11.42857143;2.466032237;;;;;;
12.14285714;2.528170715;;;;;;
11.875;2.50530358;;;;;;
12.83333333;2.584889444;;;;;;
12.375;2.547588519;;;;;;
12.125;2.526661849;;;;;;
12.875;2.588214781;;;;;;
14;2.674188813;;;;;;
14.875;2.736453524;;;;;;
12;2.51603778;;;;;;
12.28571429;2.540163152;;;;;;
12;2.51603778;;;;;;
12.5;2.557895414;;;;;;
14.5;2.710224864;;;;;;
14.625;2.719041625;;;;;;
13.57142857;2.642271767;;;;;;
15.25;2.76203557;;;;;;
15.625;2.787002268;;;;;;
13.875;2.664980717;;;;;;
11.75;2.494456931;;;;;;
14.375;2.701332533;;;;;;
16.625;2.850786369;;;;;;
16.625;2.850786369;;;;;;
14.875;2.736453524;;;;;;
14.5;2.710224864;;;;;;
14.75;2.727784095;;;;;;
14;2.674188813;;;;;;
15.25;2.76203557;;;;;;
18.42857143;2.956771766;;;;;;
18.85714286;2.980443753;;;;;;
17;2.873730575;;;;;;
18.5;2.960754702;;;;;;
19.625;3.021554016;;;;;;
13.625;2.64631554;;;;;;
12.875;2.588214781;;;;;;
12.625;2.568100772;;;;;;
13.375;2.62730818;;;;;;
13.25;2.617672194;;;;;;
15.25;2.76203557;;;;;;
13;2.598127241;;;;;;
12.375;2.547588519;;;;;;
13.5;2.636855419;;;;;;
15.125;2.75357809;;;;;;
15.25;2.76203557;;;;;;
15.125;2.75357809;;;;;;
16.125;2.819383903;;;;;;
17.125;2.881267422;;;;;;
16.625;2.850786369;;;;;;
16.5;2.843024301;;;;;;
16.375;2.835203799;;;;;;
18.125;2.93967201;;;;;;
18.75;2.974576072;;;;;;
18.625;2.967688346;;;;;;
15.625;2.787002268;;;;;;
16.14285714;2.820521922;;;;;;
16.125;2.819383903;;;;;;
17.875;2.925375596;;;;;;
18.75;2.974576072;;;;;;
18.875;2.981418489;;;;;;
18.375;2.953774521;;;;;;
18.5;2.960754702;;;;;;
19.875;3.034595718;;;;;;
22;3.139311223;;;;;;
20;3.041055791;;;;;;
20.71428571;3.077220603;;;;;;
20;3.041055791;;;;;;
19;2.988216192;;;;;;
19.625;3.021554016;;;;;;
21.625;3.121580624;;;;;;
23.125;3.190761513;;;;;;
26.25;3.321640492;;;;;;
24.85714286;3.26532402;;;;;;
21.75;3.127524418;;;;;;
21.5;3.115602718;;;;;;
22.5;3.162492176;;;;;;
25;3.27124199;;;;;;
22.75;3.173892093;;;;;;
22.375;3.156745107;;;;;;
24.625;3.255635128;;;;;;
25.125;3.276392814;;;;;;
23.5;3.207362257;;;;;;
24.42857143;3.247365942;;;;;;
25.875;3.306774882;;;;;;
24.125;3.234455914;;;;;;
24.125;3.234455914;;;;;;
24.875;3.266065605;;;;;;
26.75;3.341137559;;;;;;
25;3.27124199;;;;;;
25.85714286;3.306061686;;;;;;
27.375;3.36500769;;;;;;
30.125;3.464001427;;;;;;
27.25;3.360277126;;;;;;
25.75;3.301772244;;;;;;
25.75;3.301772244;;;;;;
26.375;3.326549009;;;;;;
28.14285714;3.393605912;;;;;;
29.125;3.429079448;;;;;;
26.875;3.345955448;;;;;;
27.625;3.374405;;;;;;
29;3.424630974;;;;;;
27.125;3.35552503;;;;;;
26.375;3.326549009;;;;;;
24.25;3.239791178;;;;;;
25.625;3.296745506;;;;;;
27;3.350751204;;;;;;
28;3.388344273;;;;;;
29.375;3.437919972;;;;;;
29.125;3.429079448;;;;;;
29.375;3.437919972;;;;;;
30.625;3.481034325;;;;;;
31.5;3.510189946;;;;;;
30.625;3.481034325;;;;;;
31.5;3.510189946;;;;;;
32.125;3.530528588;;;;;;
33.25;3.566170162;;;;;;
34.875;3.615599041;;;;;;
34.375;3.60063732;;;;;;
31.75;3.518372936;;;;;;
31.875;3.522440541;;;;;;
29.75;3.451042069;;;;;;
29.57142857;3.444813999;;;;;;
31.75;3.518372936;;;;;;
31.375;3.506074309;;;;;;
30.5;3.476802052;;;;;;
30;3.459699473;;;;;;
29.625;3.446686321;;;;;;
28;3.388344273;;;;;;
25.25;3.281518331;;;;;;
26.875;3.345955448;;;;;;
29.5;3.44231234;;;;;;
31.125;3.49779411;;;;;;
29.875;3.455379736;;;;;;
31.5;3.510189946;;;;;;
32.375;3.538554562;;;;;;
31.125;3.49779411;;;;;;
33;3.558354105;;;;;;
33.25;3.566170162;;;;;;
34.625;3.608144918;;;;;;
31.5;3.510189946;;;;;;
31.5;3.510189946;;;;;;
30.125;3.464001427;;;;;;
31.875;3.522440541;;;;;;
33.625;3.577785832;;;;;;
35.25;3.626681622;;;;;;
33.125;3.562269433;;;;;;
34.625;3.608144918;;;;;;
32.75;3.550479206;;;;;;
32.75;3.550479206;;;;;;
34.875;3.615599041;;;;;;
35.25;3.626681622;;;;;;
36.875;3.673394916;;;;;;
37.5;3.690820891;;;;;;
38.5;3.718113115;;;;;;
37.625;3.694271561;;;;;;
37.875;3.701138984;;;;;;
37.25;3.683885256;;;;;;
37.625;3.694271561;;;;;;
32.875;3.554424066;;;;;;
30.25;3.468285746;;;;;;
30.5;3.476802052;;;;;;
33.875;3.58545858;;;;;;
36.375;3.659242298;;;;;;
36.875;3.673394916;;;;;;
33.875;3.58545858;;;;;;
35.75;3.641278199;;;;;;
38;3.704555885;;;;;;
36.875;3.673394916;;;;;;
34.5;3.604397852;;;;;;
32.125;3.530528588;;;;;;
33;3.558354105;;;;;;
32.25;3.534549275;;;;;;
32.5;3.542544569;;;;;;
34.75;3.611878616;;;;;;
34.875;3.615599041;;;;;;
33;3.558354105;;;;;;
32;3.526492384;;;;;;
31.375;3.506074309;;;;;;
29.5;3.44231234;;;;;;
28.875;3.420163477;;;;;;
31.38888889;3.506532403;;;;;;
34.70588235;3.610562361;;;;;;
30.625;3.481034325;;;;;;
34;3.589273957;;;;;;
35;3.619306289;;;;;;
36;3.648500868;;;;;;
36.125;3.652093603;;;;;;
36.625;3.666342517;;;;;;
35.875;3.644895762;;;;;;
31.625;3.514289446;;;;;;
32.375;3.538554562;;;;;;
33.125;3.562269433;;;;;;
32.625;3.546519412;;;;;;
30.75;3.48524953;;;;;;
27.25;3.360277126;;;;;;
29.875;3.455379736;;;;;;
30.875;3.489447805;;;;;;
32.125;3.530528588;;;;;;
31.625;3.514289446;;;;;;
30.625;3.481034325;;;;;;
30.5;3.476802052;;;;;;
30.75;3.48524953;;;;;;
32.5;3.542544569;;;;;;
31.71428571;3.517207851;;;;;;
30;3.459699473;;;;;;
30.25;3.468285746;;;;;;
31.875;3.522440541;;;;;;
32.5;3.542544569;;;;;;
33.25;3.566170162;;;;;;
30.125;3.464001427;;;;;;
31.5;3.510189946;;;;;;
30.5;3.476802052;;;;;;
29.75;3.451042069;;;;;;
32.125;3.530528588;;;;;;
31.125;3.49779411;;;;;;
31;3.493629287;;;;;;
29.23529412;3.432988903;;;;;;
28.5;3.406645192;;;;;;
31.125;3.49779411;;;;;;
32.125;3.530528588;;;;;;
32.125;3.530528588;;;;;;
30.375;3.472552573;;;;;;
31.125;3.49779411;;;;;;
30.42857143;3.474375894;;;;;;
31.375;3.506074309;;;;;;
31.875;3.522440541;;;;;;
33;3.558354105;;;;;;
33.25;3.566170162;;;;;;
32.5;3.542544569;;;;;;
33;3.558354105;;;;;;
33.125;3.562269433;;;;;;
33.125;3.562269433;;;;;;
33.875;3.58545858;;;;;;
34.125;3.593075473;;;;;;
33.85714286;3.584912389;;;;;;
29.625;3.446686321;;;;;;
30.375;3.472552573;;;;;;
28.625;3.411170754;;;;;;
27.625;3.374405;;;;;;
29.42857143;3.439804677;;;;;;
29.25;3.43350906;;;;;;
28.625;3.411170754;;;;;;
27.875;3.383718492;;;;;;
26.5;3.33143455;;;;;;
28.5;3.406645192;;;;;;
31;3.493629287;;;;;;
31.25;3.501942407;;;;;;
31;3.493629287;;;;;;
28.75;3.415676792;;;;;;
26.57142857;3.334216054;;;;;;
28.5;3.406645192;;;;;;
29.375;3.437919972;;;;;;
29.125;3.429079448;;;;;;
29.625;3.446686321;;;;;;
30.625;3.481034325;;;;;;
30.625;3.481034325;;;;;;
30.5;3.476802052;;;;;;
31;3.493629287;;;;;;
31.125;3.49779411;;;;;;
30.5;3.476802052;;;;;;
30.625;3.481034325;;;;;;
31;3.493629287;;;;;;
29.625;3.446686321;;;;;;
30;3.459699473;;;;;;
30;3.459699473;;;;;;
30.5;3.476802052;;;;;;
30.25;3.468285746;;;;;;
30.5;3.476802052;;;;;;
30.625;3.481034325;;;;;;
30.42857143;3.474375894;;;;;;
30.375;3.472552573;;;;;;
30.5;3.476802052;;;;;;
31;3.493629287;;;;;;
30.625;3.481034325;;;;;;
30.625;3.481034325;;;;;;
31;3.493629287;;;;;;
28.75;3.415676792;;;;;;
27.625;3.374405;;;;;;
27.125;3.35552503;;;;;;
25.71428571;3.300338502;;;;;;
26;3.311753651;;;;;;
27.625;3.374405;;;;;;
24.5;3.25038051;;;;;;
24.5;3.25038051;;;;;;
23;3.185168656;;;;;;
25;3.27124199;;;;;;
24;3.229093212;;;;;;
23.75;3.21828435;;;;;;
24.75;3.260863405;;;;;;
25.625;3.296745506;;;;;;
25.75;3.301772244;;;;;;
25.25;3.281518331;;;;;;
25.5;3.291694434;;;;;;
25.25;3.281518331;;;;;;
25.125;3.276392814;;;;;;
24.875;3.266065605;;;;;;
25.125;3.276392814;;;;;;
24.75;3.260863405;;;;;;
23.875;3.223702788;;;;;;
23.375;3.201857998;;;;;;
22.5;3.162492176;;;;;;
22.875;3.179545626;;;;;;
23.375;3.201857998;;;;;;
23.625;3.212837606;;;;;;
22.75;3.173892093;;;;;;
23;3.185168656;;;;;;
24;3.229093212;;;;;;
23.875;3.223702788;;;;;;
24.125;3.234455914;;;;;;
21.375;3.109590304;;;;;;
19.25;3.001679775;;;;;;
19.625;3.021554016;;;;;;
18.5;2.960754702;;;;;;
18.375;2.953774521;;;;;;
18.625;2.967688346;;;;;;
18.25;2.946747173;;;;;;
17.75;2.918152987;;;;;;
17.625;2.910879846;;;;;;
17.5;2.903555458;;;;;;
20.375;3.060198873;;;;;;
18.25;2.946747173;;;;;;
19.875;3.034595718;;;;;;
17.125;2.881267422;;;;;;
16.875;2.866138663;;;;;;
16.5;2.843024301;;;;;;
19.625;3.021554016;;;;;;
18.125;2.93967201;;;;;;
19.375;3.00834679;;;;;;
20.25;3.053856882;;;;;;
19.75;3.028095296;;;;;;
20;3.041055791;;;;;;
21.375;3.109590304;;;;;;
25;3.27124199;;;;;;
21.25;3.103542981;;;;;;
17.75;2.918152987;;;;;;
18.25;2.946747173;;;;;;
17.25;2.888750001;;;;;;
17;2.873730575;;;;;;
15.28571429;2.76443939;;;;;;
21.5;3.115602718;;;;;;
19.625;3.021554016;;;;;;
17.5;2.903555458;;;;;;
16;2.811382666;;;;;;
16.875;2.866138663;;;;;;
16.625;2.850786369;;;;;;
17.75;2.918152987;;;;;;
12.875;2.588214781;;;;;;
11.75;2.494456931;;;;;;
11.75;2.494456931;;;;;;
11.25;2.449896791;;;;;;
9.5;2.276824619;;;;;;
9.375;2.263278718;;;;;;
9.625;2.290195202;;;;;;
9.875;2.316428258;;;;;;
9.25;2.249552819;;;;;;
10.75;2.403331221;;;;;;
10.375;2.366977644;;;;;;
9;2.221541328;;;;;;
11.125;2.438450395;;;;;;
11.625;2.483495439;;;;;;
12.375;2.547588519;;;;;;
14.75;2.727784095;;;;;;
14.875;2.736453524;;;;;;
15.125;2.75357809;;;;;;
14.125;2.683315874;;;;;;
14;2.674188813;;;;;;
12;2.51603778;;;;;;
9.625;2.290195202;;;;;;
10;2.329299228;;;;;;
10.625;2.391354787;;;;;;
11.125;2.438450395;;;;;;
11;2.42687596;;;;;;
10.625;2.391354787;;;;;;
12.25;2.537178036;;;;;;
12;2.51603778;;;;;;
12.375;2.547588519;;;;;;
13;2.598127241;;;;;;
13.5;2.636855419;;;;;;
13;2.598127241;;;;;;
13.75;2.655690126;;;;;;
13.375;2.62730818;;;;;;
13.25;2.617672194;;;;;;
12.625;2.568100772;;;;;;
14.625;2.719041625;;;;;;
12.375;2.547588519;;;;;;
13.25;2.617672194;;;;;;
13.75;2.655690126;;;;;;
13.25;2.617672194;;;;;;
11.71428571;2.491336901;;;;;;
11.5;2.472416633;;;;;;
12.75;2.578206583;;;;;;
13.75;2.655690126;;;;;;
15;2.745051127;;;;;;
17.375;2.896179092;;;;;;
16.75;2.858490872;;;;;;
14.625;2.719041625;;;;;;
14.625;2.719041625;;;;;;
15.125;2.75357809;;;;;;
15.875;2.803319303;;;;;;
16.625;2.850786369;;;;;;
16.875;2.866138663;;;;;;
15.75;2.795192837;;;;;;
16;2.811382666;;;;;;
15.5;2.778746571;;;;;;
17.25;2.888750001;;;;;;
19.375;3.00834679;;;;;;
18.875;2.981418489;;;;;;
20.625;3.072768112;;;;;;
21.14285714;3.098331465;;;;;;
21.25;3.103542981;;;;;;
22.75;3.173892093;;;;;;
22.75;3.173892093;;;;;;
21.875;3.133434491;;;;;;
22.14285714;3.145987146;;;;;;
21.5;3.115602718;;;;;;
22.875;3.179545626;;;;;;
23.125;3.190761513;;;;;;
20;3.041055791;;;;;;
19.25;3.001679775;;;;;;
21.25;3.103542981;;;;;;
17.375;2.896179092;;;;;;
17.5;2.903555458;;;;;;
16.25;2.82732397;;;;;;
16.75;2.858490872;;;;;;
18.75;2.974576072;;;;;;
20;3.041055791;;;;;;
18.375;2.953774521;;;;;;
19.5;3.014971357;;;;;;
18.125;2.93967201;;;;;;
17.75;2.918152987;;;;;;
18.25;2.946747173;;;;;;
20.5;3.066502461;;;;;;
21.375;3.109590304;;;;;;
21.5;3.115602718;;;;;;
17.625;2.910879846;;;;;;
19.85714286;3.033669569;;;;;;
20.875;3.085187416;;;;;;
20.25;3.053856882;;;;;;
21.125;3.097460338;;;;;;
22.5;3.162492176;;;;;;
24.875;3.266065605;;;;;;
25.125;3.276392814;;;;;;
24.75;3.260863405;;;;;;
25.75;3.301772244;;;;;;
26.625;3.336297329;;;;;;
28.5;3.406645192;;;;;;
27.375;3.36500769;;;;;;
27;3.350751204;;;;;;
25;3.27124199;;;;;;
23.5;3.207362257;;;;;;
25.25;3.281518331;;;;;;
26.42857143;3.328645613;;;;;;
28.71428571;3.414391335;;;;;;
24.5;3.25038051;;;;;;
21;3.091341958;;;;;;
23.57142857;3.210494548;;;;;;
25;3.27124199;;;;;;
23.75;3.21828435;;;;;;
25.625;3.296745506;;;;;;
26;3.311753651;;;;;;
27.125;3.35552503;;;;;;
28.25;3.397534817;;;;;;
24.375;3.245099284;;;;;;
24.75;3.260863405;;;;;;
26.25;3.321640492;;;;;;
27.625;3.374405;;;;;;
25.25;3.281518331;;;;;;
28.125;3.392949655;;;;;;
30.125;3.464001427;;;;;;
32.125;3.530528588;;;;;;
32.875;3.554424066;;;;;;
31.75;3.518372936;;;;;;
30.75;3.48524953;;;;;;
30.75;3.48524953;;;;;;
31.125;3.49779411;;;;;;
30.5;3.476802052;;;;;;
28.75;3.415676792;;;;;;
30.125;3.464001427;;;;;;
31;3.493629287;;;;;;
31.25;3.501942407;;;;;;
32.625;3.546519412;;;;;;
31.25;3.501942407;;;;;;
30.125;3.464001427;;;;;;
31;3.493629287;;;;;;
30.875;3.489447805;;;;;;
32.125;3.530528588;;;;;;
34.125;3.593075473;;;;;;
35.42857143;3.631918081;;;;;;
34.125;3.593075473;;;;;;
35.125;3.623000452;;;;;;
35.125;3.623000452;;;;;;
34;3.589273957;;;;;;
33.125;3.562269433;;;;;;
27.75;3.37907213;;;;;;
29.625;3.446686321;;;;;;
28.5;3.406645192;;;;;;
30;3.459699473;;;;;;
33.25;3.566170162;;;;;;
35.375;3.630349892;;;;;;
31.5;3.510189946;;;;;;
33.125;3.562269433;;;;;;
35.625;3.637648091;;;;;;
36.25;3.655674052;;;;;;
37.375;3.687358814;;;;;;
36;3.648500868;;;;;;
37.75;3.697710901;;;;;;
35.25;3.626681622;;;;;;
33.75;3.58162924;;;;;;
34.75;3.611878616;;;;;;
35.125;3.623000452;;;;;;
32.25;3.534549275;;;;;;
34.25;3.596863227;;;;;;
29.375;3.437919972;;;;;;
31.625;3.514289446;;;;;;
28.625;3.411170754;;;;;;
31.875;3.522440541;;;;;;
32.625;3.546519412;;;;;;
33.375;3.5700564;;;;;;
35;3.619306289;;;;;;
36.5;3.662798426;;;;;;
37.625;3.694271561;;;;;;
36.625;3.666342517;;;;;;
35.625;3.637648091;;;;;;
35.875;3.644895762;;;;;;
31.125;3.49779411;;;;;;
27;3.350751204;;;;;;
31;3.493629287;;;;;;
32.375;3.538554562;;;;;;
33.875;3.58545858;;;;;;
35.125;3.623000452;;;;;;
35.875;3.644895762;;;;;;
33.125;3.562269433;;;;;;
30.375;3.472552573;;;;;;
32.125;3.530528588;;;;;;
31.5;3.510189946;;;;;;
29.71428571;3.449799421;;;;;;
26.625;3.336297329;;;;;;
31.125;3.49779411;;;;;;
32.625;3.546519412;;;;;;
34.25;3.596863227;;;;;;
31.125;3.49779411;;;;;;
30.875;3.489447805;;;;;;
32;3.526492384;;;;;;
33.75;3.58162924;;;;;;
33;3.558354105;;;;;;
34.125;3.593075473;;;;;;
35.71428571;3.640242309;;;;;;
27.875;3.383718492;;;;;;
28.125;3.392949655;;;;;;
31.25;3.501942407;;;;;;
29.625;3.446686321;;;;;;
26.625;3.336297329;;;;;;
25.5;3.291694434;;;;;;
25.5;3.291694434;;;;;;
29.875;3.455379736;;;;;;
30.875;3.489447805;;;;;;
33.375;3.5700564;;;;;;
31.75;3.518372936;;;;;;
30.75;3.48524953;;;;;;
29.5;3.44231234;;;;;;
30.125;3.464001427;;;;;;
29.125;3.429079448;;;;;;
31.375;3.506074309;;;;;;
32.25;3.534549275;;;;;;
32.125;3.530528588;;;;;;
32;3.526492384;;;;;;
30.85714286;3.488849083;;;;;;
30;3.459699473;;;;;;
29.625;3.446686321;;;;;;
29.5;3.44231234;;;;;;
28.5;3.406645192;;;;;;
29;3.424630974;;;;;;
29;3.424630974;;;;;;
28.25;3.397534817;;;;;;
29.625;3.446686321;;;;;;
31.5;3.510189946;;;;;;
29.42857143;3.439804677;;;;;;
29.59375;3.445594541;;;;;;
29.5;3.44231234;;;;;;
29.25;3.43350906;;;;;;
28.875;3.420163477;;;;;;
27.375;3.36500769;;;;;;
30.375;3.472552573;;;;;;
28.375;3.402099938;;;;;;
30.75;3.48524953;;;;;;
32;3.526492384;;;;;;
30.875;3.489447805;;;;;;
28.5;3.406645192;;;;;;
28.625;3.411170754;;;;;;
30.75;3.48524953;;;;;;
29.125;3.429079448;;;;;;
31.25;3.501942407;;;;;;
30.75;3.48524953;;;;;;
29.375;3.437919972;;;;;;
30.25;3.468285746;;;;;;
29.875;3.455379736;;;;;;
30.75;3.48524953;;;;;;
32;3.526492384;;;;;;
32;3.526492384;;;;;;
32.5;3.542544569;;;;;;
32;3.526492384;;;;;;
32.25;3.534549275;;;;;;
32.625;3.546519412;;;;;;
31.85714286;3.521860422;;;;;;
32.125;3.530528588;;;;;;
31.875;3.522440541;;;;;;
31.625;3.514289446;;;;;;
32;3.526492384;;;;;;
30.875;3.489447805;;;;;;
31.25;3.501942407;;;;;;
31.5;3.510189946;;;;;;
31.625;3.514289446;;;;;;
31;3.493629287;;;;;;
31.25;3.501942407;;;;;;
30.75;3.48524953;;;;;;
32.14285714;3.53110392;;;;;;
32.125;3.530528588;;;;;;
31.875;3.522440541;;;;;;
33;3.558354105;;;;;;
32.375;3.538554562;;;;;;
31.375;3.506074309;;;;;;
31;3.493629287;;;;;;
30.625;3.481034325;;;;;;
29.14285714;3.429713401;;;;;;
30.125;3.464001427;;;;;;
30.25;3.468285746;;;;;;
28.625;3.411170754;;;;;;
28.25;3.397534817;;;;;;
28.5;3.406645192;;;;;;
29.25;3.43350906;;;;;;
28.71428571;3.414391335;;;;;;
28.25;3.397534817;;;;;;
29;3.424630974;;;;;;
29;3.424630974;;;;;;
28.125;3.392949655;;;;;;
28.28571429;3.398841175;;;;;;
30;3.459699473;;;;;;
29;3.424630974;;;;;;
28.875;3.420163477;;;;;;
28.375;3.402099938;;;;;;
28.625;3.411170754;;;;;;
28.375;3.402099938;;;;;;
28.5;3.406645192;;;;;;
28.5;3.406645192;;;;;;
28.57142857;3.409233628;;;;;;
29.25;3.43350906;;;;;;
29.5;3.44231234;;;;;;
28.125;3.392949655;;;;;;
27.5;3.369716917;;;;;;
27.875;3.383718492;;;;;;
28;3.388344273;;;;;;
26.85714286;3.345268538;;;;;;
28.14285714;3.393605912;;;;;;
27.71428571;3.377740791;;;;;;
26.5;3.33143455;;;;;;
24.75;3.260863405;;;;;;
24;3.229093212;;;;;;
24.875;3.266065605;;;;;;
26.375;3.326549009;;;;;;
25.625;3.296745506;;;;;;
24.75;3.260863405;;;;;;
20.875;3.085187416;;;;;;
22.125;3.145154991;;;;;;
22.375;3.156745107;;;;;;
22.375;3.156745107;;;;;;
22.875;3.179545626;;;;;;
23.375;3.201857998;;;;;;
24;3.229093212;;;;;;
23.75;3.21828435;;;;;;
22.125;3.145154991;;;;;;
22.875;3.179545626;;;;;;
21.875;3.133434491;;;;;;
21.875;3.133434491;;;;;;
21.75;3.127524418;;;;;;
22.75;3.173892093;;;;;;
21.875;3.133434491;;;;;;
21.875;3.133434491;;;;;;
22.375;3.156745107;;;;;;
22.375;3.156745107;;;;;;
22.5;3.162492176;;;;;;
21.875;3.133434491;;;;;;
19.875;3.034595718;;;;;;
18.5;2.960754702;;;;;;
18.5;2.960754702;;;;;;
18.5;2.960754702;;;;;;
18.75;2.974576072;;;;;;
18.625;2.967688346;;;;;;
17;2.873730575;;;;;;
18.5;2.960754702;;;;;;
19.375;3.00834679;;;;;;
20;3.041055791;;;;;;
18.5;2.960754702;;;;;;
18.75;2.974576072;;;;;;
18.125;2.93967201;;;;;;
19.5;3.014971357;;;;;;
19.25;3.001679775;;;;;;
18.125;2.93967201;;;;;;
17.625;2.910879846;;;;;;
17.625;2.910879846;;;;;;
17.5;2.903555458;;;;;;
17.125;2.881267422;;;;;;
17.625;2.910879846;;;;;;
18.42857143;2.956771766;;;;;;
18.375;2.953774521;;;;;;
19;2.988216192;;;;;;
17.25;2.888750001;;;;;;
13.25;2.617672194;;;;;;
12.875;2.588214781;;;;;;
13.25;2.617672194;;;;;;
13.125;2.607945789;;;;;;
13;2.598127241;;;;;;
12.25;2.537178036;;;;;;
12.875;2.588214781;;;;;;
12.375;2.547588519;;;;;;
11.75;2.494456931;;;;;;
12.625;2.568100772;;;;;;
12;2.51603778;;;;;;
12.5;2.557895414;;;;;;
11.25;2.449896791;;;;;;
11.5;2.472416633;;;;;;
12.75;2.578206583;;;;;;
15.375;2.770424697;;;;;;
17.125;2.881267422;;;;;;
16.375;2.835203799;;;;;;
15.5;2.778746571;;;;;;
15;2.745051127;;;;;;
